Date,High,Low,Open,Close,Volume,Adj Close
2014-06-04,1546.800048828125,1163.0,1546.699951171875,1170.0,35146,1170.0
2014-06-05,1195.0,1141.0999755859375,1187.300048828125,1145.0999755859375,25038,1145.0999755859375
2014-06-06,1173.5,1151.0,1158.300048828125,1163.0,7889,1163.0
2014-06-09,1185.5999755859375,1155.699951171875,1178.9000244140625,1172.0999755859375,7304,1172.0999755859375
2014-06-10,1181.0,1160.0999755859375,1178.9000244140625,1170.0,3216,1170.0
2014-06-11,1183.0,1157.0999755859375,1175.0,1179.9000244140625,8837,1179.9000244140625
2014-06-16,1181.199951171875,1150.0,1164.0,1165.0,13929,1165.0
2014-06-17,1187.699951171875,1157.5,1157.5,1185.5,8519,1185.5
2014-06-18,1185.0,1176.0,1180.0999755859375,1182.9000244140625,1456,1182.9000244140625
2014-06-19,1182.699951171875,1165.0,1176.0,1168.0,1396,1168.0
2014-06-20,1179.0,1160.0,1165.199951171875,1175.0,2702,1175.0
2014-06-23,1218.800048828125,1185.0,1193.0999755859375,1196.0,14181,1196.0
2014-06-24,1208.9000244140625,1191.0,1200.0,1191.800048828125,3895,1191.800048828125
2014-06-25,1195.0,1153.0999755859375,1185.0999755859375,1176.800048828125,3985,1176.800048828125
2014-06-26,1188.5,1168.9000244140625,1185.0,1185.0,2403,1185.0
2014-06-27,1197.0,1165.0,1172.0999755859375,1185.0,1148,1185.0
2014-06-30,1218.0999755859375,1184.0999755859375,1185.0,1217.5999755859375,8754,1217.5999755859375
2014-07-01,1239.800048828125,1212.5,1212.5,1218.199951171875,3036,1218.199951171875
2014-07-02,1220.0,1195.0,1218.0,1200.0,33473,1200.0
2014-07-03,1213.800048828125,1184.0,1189.5999755859375,1192.0,25620,1192.0
2014-07-04,1204.9000244140625,1183.0,1184.9000244140625,1186.0,2133,1186.0
2014-07-07,1211.800048828125,1152.0,1200.0,1160.0,19359,1160.0
2014-07-08,1180.0,1100.0,1165.0,1113.4000244140625,26565,1113.4000244140625
2014-07-09,1111.0,1073.800048828125,1100.0,1094.0,19466,1094.0
2014-07-10,1125.699951171875,1061.5,1102.5,1077.800048828125,11235,1077.800048828125
2014-07-11,1101.5,1056.0,1072.199951171875,1098.5,35563,1098.5
2014-07-14,1123.5,1090.199951171875,1109.5999755859375,1117.0,6202,1117.0
2014-07-15,1127.5,1110.0,1123.300048828125,1114.300048828125,2789,1114.300048828125
2014-07-16,1115.5,1098.0999755859375,1114.199951171875,1106.5,7340,1106.5
2014-07-17,1107.5,1067.5999755859375,1098.0,1088.0,7222,1088.0
2014-07-18,1084.199951171875,1054.0999755859375,1084.199951171875,1072.300048828125,7146,1072.300048828125
2014-07-21,1081.4000244140625,1035.0,1080.0,1047.5,8353,1047.5
2014-07-22,1060.0,1043.9000244140625,1050.4000244140625,1060.0,10468,1060.0
2014-07-23,1062.0,1047.4000244140625,1061.4000244140625,1056.199951171875,5312,1056.199951171875
2014-07-24,1093.4000244140625,1048.300048828125,1056.199951171875,1077.800048828125,5186,1077.800048828125
2014-07-25,1109.4000244140625,1070.0999755859375,1077.800048828125,1075.0999755859375,5127,1075.0999755859375
2014-07-28,1075.0,1050.0999755859375,1060.199951171875,1055.0,4012,1055.0
2014-07-29,1147.5999755859375,1055.0999755859375,1055.0999755859375,1116.0,11794,1116.0
2014-07-30,1129.800048828125,1106.0,1112.300048828125,1124.699951171875,3075,1124.699951171875
2014-07-31,1129.9000244140625,1081.0999755859375,1129.9000244140625,1087.699951171875,4886,1087.699951171875
2014-08-01,1096.9000244140625,1060.0,1096.9000244140625,1062.9000244140625,6621,1062.9000244140625
2014-08-04,1101.9000244140625,1072.699951171875,1073.199951171875,1089.5,7073,1089.5
2014-08-05,1110.9000244140625,1076.0999755859375,1101.300048828125,1090.699951171875,528,1090.699951171875
2014-08-06,1076.0999755859375,1043.0,1076.0999755859375,1060.0999755859375,3329,1060.0999755859375
2014-08-07,1055.0,1041.0999755859375,1041.0999755859375,1054.5,3528,1054.5
2014-08-08,1077.199951171875,1033.5,1077.199951171875,1034.199951171875,7627,1034.199951171875
2014-08-11,1071.9000244140625,1040.0,1040.0,1053.0,13759,1053.0
2014-08-12,1070.0,1027.9000244140625,1050.0,1052.199951171875,15203,1052.199951171875
2014-08-13,1067.0,1045.0999755859375,1050.0,1054.5999755859375,2194,1054.5999755859375
2014-08-14,1065.4000244140625,1040.0,1047.5,1055.199951171875,3752,1055.199951171875
2014-08-15,1060.0,1040.0,1040.5999755859375,1041.0,3461,1041.0
2014-08-18,1038.4000244140625,1025.0,1025.4000244140625,1031.0999755859375,5935,1031.0999755859375
2014-08-19,1100.0,1040.0,1045.0,1089.0,16775,1089.0
2014-08-20,1116.9000244140625,1081.300048828125,1081.300048828125,1106.5999755859375,6577,1106.5999755859375
2014-08-21,1103.300048828125,1085.699951171875,1098.0999755859375,1093.0,10737,1093.0
2014-08-22,1085.0,1041.0,1085.0,1050.0,17826,1050.0
2014-08-25,1066.9000244140625,1051.0,1054.0,1061.5999755859375,2686,1061.5999755859375
2014-08-26,1068.0,1056.0,1062.0,1059.9000244140625,3465,1059.9000244140625
2014-08-27,1062.0999755859375,1058.0,1059.800048828125,1059.0999755859375,457,1059.0999755859375
2014-08-28,1060.0,1041.0,1050.199951171875,1055.0,10192,1055.0
2014-08-29,1061.5999755859375,1044.9000244140625,1047.0,1050.0,7012,1050.0
2014-09-01,1061.699951171875,1050.5,1061.699951171875,1055.5,184,1055.5
2014-09-02,1092.9000244140625,1057.5,1059.5,1087.5999755859375,1756,1087.5999755859375
2014-09-03,1133.300048828125,1079.800048828125,1089.9000244140625,1116.800048828125,49804,1116.800048828125
2014-09-04,1133.9000244140625,1100.0999755859375,1120.4000244140625,1119.0,13880,1119.0
2014-09-05,1160.0,1106.300048828125,1109.9000244140625,1159.5999755859375,15060,1159.5999755859375
2014-09-08,1537.800048828125,1159.699951171875,1166.5,1173.800048828125,12376,1173.800048828125
2014-09-09,1170.0,1157.300048828125,1170.0,1158.9000244140625,1918,1158.9000244140625
2014-09-10,1168.5,1141.0999755859375,1150.0999755859375,1149.0,3514,1149.0
2014-09-11,1174.0,1148.5,1154.0,1149.9000244140625,3651,1149.9000244140625
2014-09-12,1200.9000244140625,1144.0999755859375,1144.0999755859375,1173.699951171875,4322,1173.699951171875
2014-09-15,1230.0,1175.0,1187.699951171875,1230.0,26905,1230.0
2014-09-16,1549.9000244140625,1167.0999755859375,1195.5999755859375,1176.800048828125,41462,1176.800048828125
2014-09-17,1212.9000244140625,1165.0,1189.5,1169.0,22337,1169.0
2014-09-18,1205.0,1159.199951171875,1174.5,1164.0999755859375,17210,1164.0999755859375
2014-09-19,1177.0,1121.5999755859375,1162.0,1148.5,18420,1148.5
2014-09-22,1179.0,1113.0,1159.9000244140625,1135.199951171875,9639,1135.199951171875
2014-09-23,1144.800048828125,1103.0,1115.0,1123.800048828125,11478,1123.800048828125
2014-09-24,1146.4000244140625,1112.0,1125.0,1130.0,12744,1130.0
2014-09-25,1171.5999755859375,1140.5999755859375,1140.5999755859375,1154.0,16409,1154.0
2014-09-26,1168.800048828125,1112.0999755859375,1164.699951171875,1162.0,8660,1162.0
2014-09-29,1180.0,1120.5999755859375,1163.9000244140625,1124.9000244140625,15825,1124.9000244140625
2014-09-30,1160.0,1114.0999755859375,1120.0,1130.699951171875,18898,1130.699951171875
2014-10-01,1116.0,1077.0,1110.0,1091.0,10870,1091.0
2014-10-02,1076.0,1032.0,1072.0,1035.0,9479,1035.0
2014-10-03,1084.0,1056.0,1065.0,1074.0,7461,1074.0
2014-10-06,1107.0,1078.0,1081.0,1079.0,12208,1079.0
2014-10-07,1080.0,1060.0,1077.0,1069.0,6037,1069.0
2014-10-08,1061.0,1035.0,1061.0,1037.0,5466,1037.0
2014-10-09,1058.0,1037.0,1047.0,1037.0,3451,1037.0
2014-10-10,1046.0,1006.0,1045.0,1009.0,4958,1009.0
2014-10-13,1048.0,986.0,1027.0,996.0,18939,996.0
2014-10-14,1050.0,1010.0,1010.0,1050.0,17512,1050.0
2014-10-15,1055.0,1001.0,1031.0,1018.0,15854,1018.0
2014-10-16,1049.0,1010.0,1026.0,1035.0,11639,1035.0
2014-10-17,1105.0,1040.0,1040.0,1077.0,19695,1077.0
2014-10-20,1092.0,1060.0,1080.0,1073.0,7157,1073.0
2014-10-21,1104.0,1076.0,1078.0,1099.0,7164,1099.0
2014-10-22,1127.0,1106.0,1115.0,1125.0,12210,1125.0
2014-10-23,1180.0,1075.0,1113.0,1155.0,41506,1155.0
2014-10-24,1168.0,1132.0,1147.0,1142.0,11695,1142.0
2014-10-27,1176.0,1136.0,1150.0,1154.0,4996,1154.0
2014-10-28,1196.0,1154.0,1154.0,1195.0,17960,1195.0
2014-10-29,1232.0,1202.0,1207.0,1208.0,14261,1208.0
2014-10-30,1240.0,1166.0,1212.0,1174.0,17753,1174.0
2014-10-31,1237.0,1160.0,1171.0,1212.0,39161,1212.0
2014-11-05,1247.0,1172.0,1205.0,1214.0,8978,1214.0
2014-11-06,1277.0,1221.0,1228.0,1229.0,12389,1229.0
2014-11-07,1350.0,1205.0,1242.0,1239.0,13308,1239.0
2014-11-10,1300.0,1156.0,1243.0,1214.0,16825,1214.0
2014-11-11,1248.0,1182.0,1232.0,1221.0,9311,1221.0
2014-11-12,1232.0,1186.0,1226.0,1221.0,4483,1221.0
2014-11-13,1332.0,1220.0,1222.0,1230.0,4985,1230.0
2014-11-14,1298.0,1210.0,1228.0,1224.0,3632,1224.0
2014-11-17,1253.0,1223.0,1225.0,1230.0,2501,1230.0
2014-11-18,1234.0,1212.0,1221.0,1224.0,5125,1224.0
2014-11-19,1222.0,1204.0,1221.0,1213.0,1726,1213.0
2014-11-20,1212.0,1194.0,1206.0,1209.0,3247,1209.0
2014-11-21,1231.0,1180.0,1206.0,1225.0,10811,1225.0
2014-11-24,1251.0,1174.0,1207.0,1183.0,6219,1183.0
2014-11-25,1215.0,1162.0,1163.0,1208.0,4160,1208.0
2014-11-26,1244.0,1184.0,1196.0,1235.0,7898,1235.0
2014-11-27,1257.0,1174.0,1232.0,1230.0,9577,1230.0
2014-11-28,1289.0,1218.0,1240.0,1238.0,19208,1238.0
2014-12-01,1324.0,1200.0,1242.0,1244.0,21771,1244.0
2014-12-02,1283.0,1205.0,1222.0,1283.0,17393,1283.0
2014-12-03,1323.0,1240.0,1260.0,1280.0,22431,1280.0
2014-12-04,1321.0,1210.0,1274.0,1236.0,19206,1236.0
2014-12-05,1248.0,1137.0,1248.0,1149.0,29998,1149.0
2014-12-08,1196.0,1076.0,1144.0,1090.0,16368,1090.0
2014-12-09,1090.0,1034.0,1090.0,1075.0,24783,1075.0
2014-12-10,1157.0,1055.0,1082.0,1088.0,35789,1088.0
2014-12-11,1085.0,1050.0,1079.0,1055.0,28533,1055.0
2014-12-12,1152.0,955.0,1055.0,1133.0,26472,1133.0
2014-12-15,1195.0,1087.0,1125.0,1100.0,33292,1100.0
2014-12-16,1198.0,1061.0,1095.0,1131.0,26790,1131.0
2014-12-17,1180.0,1078.0,1175.0,1096.0,13521,1096.0
2014-12-18,1149.0,1061.0,1101.0,1100.0,27341,1100.0
2014-12-19,1132.0,1022.0,1118.0,1063.0,32333,1063.0
2014-12-22,1065.0,973.0,1065.0,1000.0,27417,1000.0
2014-12-23,1032.0,990.0,1002.0,1013.0,11153,1013.0
2014-12-24,1014.0,980.0,980.0,996.0,40942,996.0
2014-12-25,1045.0,1001.0,1001.0,1038.0,35626,1038.0
2014-12-26,1045.0,980.0,1036.0,991.0,24041,991.0
2014-12-29,1044.0,971.0,1010.0,1028.0,37278,1028.0
2014-12-30,1060.0,1010.0,1047.0,1025.0,11613,1025.0
2015-01-05,1080.0,1051.0,1064.0,1079.0,8834,1079.0
2015-01-06,1123.0,1047.0,1123.0,1102.0,4009,1102.0
2015-01-08,1117.0,1069.0,1084.0,1094.0,5960,1094.0
2015-01-09,1116.0,1030.0,1101.0,1095.0,3064,1095.0
2015-01-12,1129.0,1093.0,1100.0,1111.0,7511,1111.0
2015-01-13,1155.0,1115.0,1115.0,1153.0,72155,1153.0
2015-01-14,1185.0,1147.0,1150.0,1177.0,18285,1177.0
2015-01-15,1200.0,1165.0,1181.0,1175.0,34207,1175.0
2015-01-16,1170.0,1150.0,1165.0,1165.0,8067,1165.0
2015-01-19,1182.0,1121.0,1121.0,1165.0,9278,1165.0
2015-01-20,1167.0,1101.0,1165.0,1122.0,41989,1122.0
2015-01-21,1125.0,1075.0,1110.0,1083.0,109370,1083.0
2015-01-22,1115.0,1084.0,1085.0,1106.0,25943,1106.0
2015-01-23,1161.0,1104.0,1111.0,1117.0,36333,1117.0
2015-01-26,1133.0,1105.0,1133.0,1121.0,11550,1121.0
2015-01-27,1116.0,1084.0,1099.0,1095.0,12515,1095.0
2015-01-28,1105.0,1069.0,1093.0,1081.0,23975,1081.0
2015-01-29,1079.0,1045.0,1060.0,1075.0,83883,1075.0
2015-01-30,1100.0,1052.0,1090.0,1075.0,100803,1075.0
2015-02-02,1088.0,980.0,1058.0,998.0,56487,998.0
2015-02-03,1034.0,992.0,1010.0,997.0,75020,997.0
2015-02-04,1051.0,1005.0,1008.0,1050.0,41377,1050.0
2015-02-05,1096.0,1035.0,1040.0,1090.0,37434,1090.0
2015-02-06,1125.0,1080.0,1085.0,1084.0,20518,1084.0
2015-02-09,1150.0,1060.0,1084.0,1078.0,65849,1078.0
2015-02-10,1101.0,1036.0,1060.0,1045.0,69119,1045.0
2015-02-11,1078.0,1019.0,1049.0,1037.0,49561,1037.0
2015-02-12,1130.0,1030.0,1047.0,1077.0,79591,1077.0
2015-02-13,1120.0,1062.0,1062.0,1115.0,40958,1115.0
2015-02-16,1105.0,1066.0,1105.0,1070.0,46228,1070.0
2015-02-17,1094.0,1025.0,1049.0,1030.0,60018,1030.0
2015-02-18,1160.0,1035.0,1035.0,1084.0,159145,1084.0
2015-02-19,1098.0,1033.0,1080.0,1049.0,66788,1049.0
2015-02-20,1085.0,1045.0,1050.0,1053.0,56420,1053.0
2015-02-24,1049.0,1030.0,1044.0,1038.0,53301,1038.0
2015-02-25,1075.0,1007.0,1040.0,1025.0,95426,1025.0
2015-02-26,1039.0,1005.0,1039.0,1009.0,59208,1009.0
2015-02-27,1028.0,1004.0,1016.0,1016.0,46134,1016.0
2015-03-02,1030.0,991.0,1001.0,1000.0,69513,1000.0
2015-03-03,1022.0,998.0,1009.0,1000.0,99947,1000.0
2015-03-04,1033.0,985.0,1000.0,996.0,361836,996.0
2015-03-05,1025.0,961.0,995.0,970.0,298623,970.0
2015-03-06,970.0,924.0,970.0,932.0,98064,932.0
2015-03-10,917.0,866.0,910.0,885.0,111168,885.0
2015-03-11,905.0,866.0,890.0,898.0,73769,898.0
2015-03-12,903.0,881.0,900.0,894.0,29977,894.0
2015-03-13,923.0,870.0,923.0,880.0,42268,880.0
2015-03-16,905.0,876.0,891.0,878.0,45891,878.0
2015-03-17,890.0,870.0,878.0,889.0,34938,889.0
2015-03-18,899.0,871.0,890.0,877.0,29003,877.0
2015-03-19,888.0,857.0,877.0,874.0,46106,874.0
2015-03-20,874.0,863.0,874.0,866.0,33000,866.0
2015-03-23,891.0,863.0,866.0,874.0,42844,874.0
2015-03-24,885.0,852.0,874.0,866.0,53437,866.0
2015-03-25,890.0,866.0,871.0,885.0,33468,885.0
2015-03-26,888.0,859.0,885.0,880.0,36527,880.0
2015-03-27,885.0,865.0,875.0,883.0,20583,883.0
2015-03-30,903.0,877.0,877.0,887.0,38555,887.0
2015-03-31,895.0,878.0,891.0,893.0,28269,893.0
2015-04-01,903.0,883.0,885.0,902.0,45171,902.0
2015-04-02,920.0,887.0,902.0,919.0,63305,919.0
2015-04-03,946.0,922.0,924.0,939.0,34954,939.0
2015-04-06,957.0,914.0,949.0,934.0,39601,934.0
2015-04-07,958.0,934.0,940.0,942.0,58412,942.0
2015-04-08,958.0,920.0,939.0,944.0,38481,944.0
2015-04-09,948.0,919.0,948.0,939.0,38163,939.0
2015-04-10,946.0,922.0,939.0,942.0,41815,942.0
2015-04-13,969.0,931.0,945.0,941.0,61203,941.0
2015-04-14,947.0,903.0,943.0,910.0,65429,910.0
2015-04-15,977.0,908.0,911.0,973.0,77722,973.0
2015-04-16,1049.0,983.0,987.0,1028.0,201660,1028.0
2015-04-17,1064.0,1010.0,1037.0,1053.0,97633,1053.0
2015-04-20,1076.0,1039.0,1061.0,1054.0,71195,1054.0
2015-04-21,1100.0,1061.0,1075.0,1091.0,112991,1091.0
2015-04-22,1095.0,1044.0,1044.0,1081.0,29001,1081.0
2015-04-23,1088.0,1056.0,1088.0,1076.0,20456,1076.0
2015-04-24,1072.0,1050.0,1064.0,1052.0,26918,1052.0
2015-04-27,1075.0,1050.0,1060.0,1070.0,13036,1070.0
2015-04-28,1070.0,947.0,1070.0,986.0,136393,986.0
2015-04-29,1013.0,968.0,994.0,997.0,35140,997.0
2015-04-30,1010.0,994.0,998.0,1002.0,23473,1002.0
2015-05-04,1002.0,1002.0,1002.0,1002.0,0,1002.0
2015-05-05,1013.0,984.0,999.0,985.0,47172,985.0
2015-05-06,1009.0,979.0,995.0,1006.0,55440,1006.0
2015-05-07,1005.0,961.0,1001.0,968.0,82000,968.0
2015-05-08,991.0,963.0,970.0,979.0,52763,979.0
2015-05-12,995.0,970.0,986.0,979.0,39197,979.0
2015-05-13,982.0,940.0,977.0,944.0,78032,944.0
2015-05-14,982.0,954.0,954.0,971.0,34923,971.0
2015-05-15,984.0,948.0,980.0,950.0,28844,950.0
2015-05-18,948.0,928.0,948.0,944.0,45590,944.0
2015-05-19,957.0,933.0,955.0,939.0,54805,939.0
2015-05-20,940.0,923.0,940.0,926.0,9760,926.0
2015-05-21,940.0,926.0,928.0,935.0,25100,935.0
2015-05-22,936.0,923.0,932.0,928.0,27601,928.0
2015-05-25,930.0,916.0,927.0,928.0,14561,928.0
2015-05-26,967.0,915.0,967.0,923.0,20690,923.0
2015-05-27,935.0,911.0,925.0,920.0,29120,920.0
2015-05-28,964.0,926.0,928.0,950.0,26269,950.0
2015-05-29,980.0,941.0,964.0,941.0,31993,941.0
2015-06-01,968.0,948.0,949.0,950.0,16336,950.0
2015-06-02,997.0,953.0,953.0,997.0,32356,997.0
2015-06-03,1004.0,976.0,990.0,980.0,43881,980.0
2015-06-04,999.0,970.0,980.0,993.0,28282,993.0
2015-06-05,998.0,960.0,995.0,976.0,44361,976.0
2015-06-08,995.0,970.0,974.0,977.0,20654,977.0
2015-06-09,975.0,948.0,975.0,965.0,25462,965.0
2015-06-10,970.0,940.0,960.0,950.0,32914,950.0
2015-06-11,954.0,936.0,954.0,950.0,35949,950.0
2015-06-15,964.0,942.0,954.0,946.0,23861,946.0
2015-06-16,944.0,921.0,941.0,927.0,26004,927.0
2015-06-17,940.0,920.0,933.0,930.0,13611,930.0
2015-06-18,932.0,902.0,932.0,906.0,41408,906.0
2015-06-19,919.0,895.0,913.0,910.0,16535,910.0
2015-06-22,927.0,870.0,914.0,881.0,89054,881.0
2015-06-23,894.0,866.0,885.0,871.0,44558,871.0
2015-06-24,878.0,861.0,870.0,871.0,25909,871.0
2015-06-25,881.0,861.0,879.0,866.0,25123,866.0
2015-06-26,884.0,846.0,866.0,855.0,52782,855.0
2015-06-29,863.0,835.0,854.0,842.0,32922,842.0
2015-06-30,864.0,822.0,840.0,848.0,58556,848.0
2015-07-01,865.0,845.0,847.0,853.0,24063,853.0
2015-07-02,856.0,840.0,850.0,853.0,24722,853.0
2015-07-03,859.0,843.0,853.0,857.0,13915,857.0
2015-07-06,867.0,843.0,853.0,860.0,36238,860.0
2015-07-07,880.0,801.0,858.0,820.0,128528,820.0
2015-07-08,852.0,821.0,840.0,845.0,69615,845.0
2015-07-09,862.0,838.0,860.0,855.0,40753,855.0
2015-07-10,867.0,838.0,854.0,845.0,29611,845.0
2015-07-13,857.0,835.0,835.0,857.0,27807,857.0
2015-07-14,880.0,858.0,858.0,880.0,46773,880.0
2015-07-15,890.0,856.0,880.0,875.0,23962,875.0
2015-07-16,880.0,867.0,875.0,873.0,21227,873.0
2015-07-17,904.0,873.0,873.0,900.0,39676,900.0
2015-07-20,904.0,885.0,885.0,891.0,29295,891.0
2015-07-21,894.0,873.0,889.0,889.0,25412,889.0
2015-07-22,887.0,865.0,887.0,865.0,22417,865.0
2015-07-23,879.0,859.0,868.0,879.0,22460,879.0
2015-07-24,890.0,856.0,874.0,867.0,28701,867.0
2015-07-27,871.0,845.0,866.0,860.0,21663,860.0
2015-07-28,890.0,860.0,860.0,887.0,40624,887.0
2015-07-29,914.0,880.0,883.0,903.0,25672,903.0
2015-07-30,929.0,884.0,905.0,898.0,99490,898.0
2015-07-31,888.0,850.0,888.0,882.0,96600,882.0
2015-08-03,886.0,845.0,864.0,866.0,45982,866.0
2015-08-04,885.0,860.0,866.0,869.0,23533,869.0
2015-08-05,885.0,864.0,868.0,878.0,21998,878.0
2015-08-06,880.0,844.0,880.0,850.0,75981,850.0
2015-08-07,869.0,854.0,854.0,860.0,28458,860.0
2015-08-10,870.0,853.0,855.0,858.0,23258,858.0
2015-08-11,869.0,846.0,858.0,851.0,52602,851.0
2015-08-12,858.0,825.0,851.0,830.0,101531,830.0
2015-08-13,851.0,831.0,837.0,839.0,95839,839.0
2015-08-14,846.0,821.0,840.0,831.0,64741,831.0
2015-08-17,847.0,825.0,828.0,835.0,64859,835.0
2015-08-18,831.0,812.0,830.0,819.0,43912,819.0
2015-08-19,832.0,790.0,822.0,799.0,125968,799.0
2015-08-20,809.0,773.0,799.0,780.0,76956,780.0
2015-08-21,787.0,762.0,780.0,770.0,60797,770.0
2015-08-24,762.0,711.0,741.0,738.0,163995,738.0
2015-08-25,769.0,732.0,732.0,764.0,111491,764.0
2015-08-26,767.0,737.0,754.0,742.0,103780,742.0
2015-08-27,780.0,746.0,748.0,776.0,121225,776.0
2015-08-28,806.0,783.0,786.0,800.0,99572,800.0
2015-08-31,814.0,791.0,801.0,805.0,78114,805.0
2015-09-01,807.0,770.0,797.0,782.0,96385,782.0
2015-09-02,797.0,772.0,775.0,780.0,58513,780.0
2015-09-03,801.0,783.0,783.0,795.0,55513,795.0
2015-09-04,797.0,782.0,789.0,786.0,69142,786.0
2015-09-07,795.0,784.0,787.0,786.0,39642,786.0
2015-09-08,799.0,785.0,788.0,786.0,39570,786.0
2015-09-09,801.0,782.0,786.0,787.0,89630,787.0
2015-09-10,795.0,767.0,787.0,773.0,104104,773.0
2015-09-11,780.0,755.0,775.0,760.0,81910,760.0
2015-09-14,836.0,741.0,762.0,809.0,347085,809.0
2015-09-15,829.0,792.0,813.0,815.0,138531,815.0
2015-09-16,872.0,807.0,814.0,862.0,156563,862.0
2015-09-17,869.0,850.0,859.0,860.0,45814,860.0
2015-09-18,873.0,832.0,860.0,841.0,68502,841.0
2015-09-21,847.0,821.0,841.0,826.0,23326,826.0
2015-09-22,821.0,774.0,820.0,775.0,106292,775.0
2015-09-23,800.0,749.0,780.0,752.0,153537,752.0
2015-09-24,752.0,705.0,750.0,714.0,152650,714.0
2015-09-25,738.0,706.0,716.0,714.0,140554,714.0
2015-09-28,720.0,686.0,712.0,694.0,92047,694.0
2015-09-29,715.0,683.0,689.0,703.0,129448,703.0
2015-09-30,732.0,704.0,710.0,713.0,110553,713.0
2015-10-01,722.0,698.0,718.0,704.0,58288,704.0
2015-10-02,734.0,701.0,706.0,730.0,81032,730.0
2015-10-05,783.0,737.0,737.0,775.0,130635,775.0
2015-10-06,794.0,752.0,784.0,769.0,104708,769.0
2015-10-07,785.0,738.0,770.0,745.0,111838,745.0
2015-10-08,749.0,731.0,749.0,736.0,62763,736.0
2015-10-09,769.0,736.0,742.0,763.0,76620,763.0
2015-10-12,767.0,732.0,764.0,743.0,63319,743.0
2015-10-13,821.0,744.0,744.0,814.0,239794,814.0
2015-10-14,823.0,787.0,804.0,818.0,151268,818.0
2015-10-15,862.0,821.0,828.0,821.0,214592,821.0
2015-10-16,844.0,813.0,828.0,813.0,78332,813.0
2015-10-19,857.0,811.0,811.0,845.0,85526,845.0
2015-10-20,854.0,830.0,842.0,834.0,52935,834.0
2015-10-21,836.0,801.0,831.0,822.0,62432,822.0
2015-10-22,840.0,813.0,820.0,836.0,49449,836.0
2015-10-23,823.0,798.0,822.0,813.0,122032,813.0
2015-10-26,854.0,808.0,815.0,838.0,91353,838.0
2015-10-27,965.0,851.0,862.0,940.0,624018,940.0
2015-10-28,1009.0,932.0,960.0,1002.0,321318,1002.0
2015-10-29,1020.0,971.0,996.0,1009.0,123641,1009.0
2015-10-30,1022.0,989.0,995.0,1016.0,59747,1016.0
2015-11-02,1036.800048828125,1003.0999755859375,1018.0,1030.0,83386,1030.0
2015-11-03,1039.9000244140625,1011.0,1030.300048828125,1011.0,76620,1011.0
2015-11-05,1011.7000122070312,980.0,1002.2000122070312,980.0,66631,980.0
2015-11-06,1005.0,967.0,982.0999755859375,994.9000244140625,55334,994.9000244140625
2015-11-09,1028.4000244140625,994.2000122070312,999.0,1012.0,44129,1012.0
2015-11-10,1036.5,1011.7000122070312,1021.0999755859375,1027.0,63503,1027.0
2015-11-11,1048.9000244140625,1015.2000122070312,1020.0999755859375,1040.0,51775,1040.0
2015-11-12,1049.9000244140625,1005.0,1040.5,1020.5999755859375,55771,1020.5999755859375
2015-11-13,1020.0,990.0,1017.9000244140625,1001.0,42234,1001.0
2015-11-16,1022.0,996.0,996.0,1015.0999755859375,31869,1015.0999755859375
2015-11-17,1080.5,1012.2000122070312,1014.9000244140625,1059.0,103890,1059.0
2015-11-18,1098.800048828125,1050.199951171875,1060.0,1094.0,116318,1094.0
2015-11-19,1106.800048828125,1071.800048828125,1099.0,1086.0,150648,1086.0
2015-11-20,1120.9000244140625,1089.0999755859375,1090.300048828125,1111.0,44906,1111.0
2015-11-23,1150.0,1112.0,1112.0,1129.9000244140625,56337,1129.9000244140625
2015-11-24,1131.4000244140625,1060.0,1129.9000244140625,1092.0,88364,1092.0
2015-11-25,1149.9000244140625,1095.5,1095.5999755859375,1127.0,48845,1127.0
2015-11-26,1148.800048828125,1115.0,1119.9000244140625,1117.699951171875,23580,1117.699951171875
2015-11-27,1121.5999755859375,1066.199951171875,1116.199951171875,1074.5,51467,1074.5
2015-11-30,1099.0,1074.4000244140625,1074.5,1094.0,33776,1094.0
2015-12-01,1108.199951171875,1076.0,1097.199951171875,1086.0,22820,1086.0
2015-12-02,1104.0,1051.800048828125,1079.800048828125,1104.0,68237,1104.0
2015-12-03,1114.0,1094.800048828125,1105.0,1099.0,24394,1099.0
2015-12-04,1104.9000244140625,1071.5999755859375,1090.0,1087.0999755859375,37266,1087.0999755859375
2015-12-07,1091.5999755859375,1038.199951171875,1091.5,1060.0,36564,1060.0
2015-12-08,1060.0,1003.0999755859375,1060.0,1038.9000244140625,58912,1038.9000244140625
2015-12-09,1060.0,1034.4000244140625,1038.9000244140625,1050.0,22054,1050.0
2015-12-10,1051.699951171875,1030.0,1047.0,1030.300048828125,31961,1030.300048828125
2015-12-11,1055.0,1020.0999755859375,1030.0999755859375,1037.0,38445,1037.0
2015-12-14,1030.0,981.0999755859375,1020.0999755859375,984.4000244140625,57851,984.4000244140625
2015-12-15,1059.5999755859375,994.5,995.0,1055.0,81872,1055.0
2015-12-16,1085.0,1056.0,1060.0,1067.0,28777,1067.0
2015-12-17,1111.0999755859375,1064.9000244140625,1070.0,1084.9000244140625,42162,1084.9000244140625
2015-12-18,1089.9000244140625,1061.199951171875,1085.0,1075.0999755859375,29649,1075.0999755859375
2015-12-21,1103.800048828125,1070.199951171875,1085.0,1095.0999755859375,28543,1095.0999755859375
2015-12-22,1119.0,1090.0999755859375,1104.0,1090.0999755859375,28554,1090.0999755859375
2015-12-23,1129.4000244140625,1090.800048828125,1090.800048828125,1125.0999755859375,44673,1125.0999755859375
2015-12-24,1136.0,1100.5999755859375,1117.0,1129.0999755859375,29435,1129.0999755859375
2015-12-25,1121.300048828125,1102.0999755859375,1110.199951171875,1110.0,19317,1110.0
2015-12-28,1133.5999755859375,1107.800048828125,1109.199951171875,1119.5,25956,1119.5
2015-12-29,1152.0999755859375,1121.0999755859375,1121.0999755859375,1138.0,27102,1138.0
2015-12-30,1159.800048828125,1136.0999755859375,1136.0999755859375,1147.0,25502,1147.0
2016-01-04,1157.9000244140625,1060.0,1148.9000244140625,1064.0999755859375,55784,1064.0999755859375
2016-01-05,1134.800048828125,1075.199951171875,1080.0,1133.9000244140625,42595,1133.9000244140625
2016-01-06,1133.5,1095.0,1131.9000244140625,1112.0,38189,1112.0
2016-01-11,1075.0,987.0,1027.5,987.0,141741,987.0
2016-01-12,1004.2000122070312,972.2000122070312,982.5,999.0,109973,999.0
2016-01-13,1023.7999877929688,1004.0999755859375,1004.0999755859375,1006.0,50693,1006.0
2016-01-14,1009.9000244140625,970.2000122070312,995.2000122070312,1009.0,72398,1009.0
2016-01-15,1014.0,930.0,1010.0,954.0,85969,954.0
2016-01-18,978.0999755859375,900.0999755859375,949.0,963.2999877929688,46699,963.2999877929688
2016-01-19,990.7999877929688,951.7000122070312,966.0,954.0,86381,954.0
2016-01-20,946.9000244140625,903.2000122070312,946.9000244140625,912.5,98391,912.5
2016-01-21,1023.0,920.0999755859375,926.9000244140625,1020.0,146149,1020.0
2016-01-22,1039.0,995.5,1020.2999877929688,1020.0,96563,1020.0
2016-01-25,1030.0,988.0,1020.0,1002.0999755859375,64008,1002.0999755859375
2016-01-26,1023.7999877929688,990.0,1003.0,1012.0,59016,1012.0
2016-01-27,1054.800048828125,1018.0999755859375,1018.0999755859375,1049.9000244140625,89081,1049.9000244140625
2016-01-28,1051.0,1011.0,1049.5999755859375,1017.4000244140625,84869,1017.4000244140625
2016-01-29,1029.800048828125,1005.2000122070312,1019.0,1007.0,58267,1007.0
2016-02-01,1026.0,1000.0,1015.0,1013.0,39640,1013.0
2016-02-02,1041.0,1006.0,1019.5,1012.0,50536,1012.0
2016-02-03,1028.0,1000.5,1012.5,1012.5,39735,1012.5
2016-02-04,1061.0,1016.5,1020.0,1054.0,122967,1054.0
2016-02-05,1046.0,1023.0,1046.0,1023.0,46337,1023.0
2016-02-08,1022.0,968.0,1021.5,986.0,95061,986.0
2016-02-09,1017.0,970.0,992.5,992.0,82271,992.0
2016-02-10,1010.0,975.0,980.5,998.0,63650,998.0
2016-02-11,1013.0,985.0,999.0,1007.0,59547,1007.0
2016-02-12,1022.5,989.0,1006.0,989.0,50041,989.0
2016-02-15,1018.5,1000.0,1004.0,1008.0,37830,1008.0
2016-02-16,1075.5,997.0,1014.5,1072.0,174774,1072.0
2016-02-17,1081.0,1036.0,1064.0,1044.0,127367,1044.0
2016-02-18,1060.0,1004.0,1035.0,1014.0,114862,1014.0
2016-02-19,1012.5,976.5,1005.0,989.0,155183,989.0
2016-02-22,1008.5,986.0,996.0,1002.5,47757,1002.5
2016-02-24,1001.5,972.0,990.5,974.5,76231,974.5
2016-02-25,995.0,976.5,990.0,982.0,70286,982.0
2016-02-26,1012.0,975.5,977.5,983.5,145778,983.5
2016-02-29,994.5,976.0,980.0,978.0,67973,978.0
2016-03-01,991.5,971.0,975.5,989.5,62529,989.5
2016-03-02,1009.0,980.5,995.0,1003.0,71342,1003.0
2016-03-03,1045.5,1010.0,1019.5,1018.0,126857,1018.0
2016-03-04,1021.0,987.5,1006.0,999.0,115556,999.0
2016-03-07,1095.5,1007.5,1095.5,1020.0,81633,1020.0
2016-03-09,1009.0,991.0,1001.0,994.0,109964,994.0
2016-03-10,998.0,976.0,990.0,978.5,95908,978.5
2016-03-11,993.0,973.0,986.5,979.0,84480,979.0
2016-03-14,1035.5,985.5,993.0,1023.0,221167,1023.0
2016-03-15,1039.5,995.5,1033.0,1004.0,109439,1004.0
2016-03-16,1039.5,997.5,1000.0,1021.0,132707,1021.0
2016-03-17,1044.0,1022.0,1040.0,1032.0,70492,1032.0
2016-03-18,1032.0,1032.0,1032.0,1032.0,70492,1032.0
2016-03-21,1037.5,1020.0,1033.5,1022.0,44912,1022.0
2016-03-22,1027.0,1005.0,1026.0,1023.5,50910,1023.5
2016-03-23,1035.0,1018.5,1025.5,1020.5,41747,1020.5
2016-03-24,1032.0,1018.0,1028.0,1028.0,28409,1028.0
2016-03-25,1037.0,1026.5,1029.5,1032.5,6445,1032.5
2016-03-28,1040.5,1001.0,1035.0,1013.0,38499,1013.0
2016-03-29,1036.0,1006.0,1022.0,1036.0,49125,1036.0
2016-03-30,1061.0,1036.0,1039.0,1041.5,70012,1041.5
2016-03-31,1050.0,1015.0,1043.5,1022.0,58256,1022.0
2016-04-01,1035.0,1014.0,1025.0,1028.0,41564,1028.0
2016-04-04,1042.5,1030.0,1039.0,1033.0,32697,1033.0
2016-04-05,1046.0,1023.0,1033.0,1039.0,33845,1039.0
2016-04-06,1047.0,1026.5,1035.5,1041.0,31361,1041.0
2016-04-07,1063.5,1035.5,1041.0,1060.0,69267,1060.0
2016-04-08,1049.5,1018.0,1042.5,1018.0,123002,1018.0
2016-04-11,1054.5,1011.5,1015.0,1045.0,113451,1045.0
2016-04-12,1093.0,1041.5,1042.5,1088.5,111892,1088.5
2016-04-13,1133.0,1089.5,1093.0,1127.0,94438,1127.0
2016-04-14,1124.0,1090.0,1112.0,1109.5,71959,1109.5
2016-04-15,1114.5,1101.5,1104.5,1109.0,33596,1109.0
2016-04-18,1139.0,1084.0,1091.0,1130.0,47984,1130.0
2016-04-19,1150.0,1130.0,1139.5,1148.0,54309,1148.0
2016-04-20,1188.0,1142.5,1147.0,1186.0,62440,1186.0
2016-04-21,1209.5,1171.0,1186.0,1200.0,85324,1200.0
2016-04-22,1218.0,1190.0,1200.5,1196.0,82140,1196.0
2016-04-25,1218.5,1175.5,1197.5,1178.0,79699,1178.0
2016-04-26,1190.0,1171.0,1180.0,1173.0,34421,1173.0
2016-04-27,1197.0,1164.5,1182.0,1194.0,60036,1194.0
2016-04-28,1310.0,1190.5,1191.5,1300.0,327260,1300.0
2016-04-29,1313.0,1271.0,1290.0,1301.0,82429,1301.0
2016-05-04,1400.0,1295.5,1301.5,1337.5,39847,1337.5
2016-05-05,1334.5,1292.0,1334.5,1316.5,60698,1316.5
2016-05-06,1316.0,1270.0,1315.5,1291.0,69623,1291.0
2016-05-10,1299.5,1260.0,1283.5,1291.5,55376,1291.5
2016-05-11,1310.0,1284.5,1298.0,1286.0,29919,1286.0
2016-05-12,1298.5,1266.0,1286.5,1277.0,36641,1277.0
2016-05-13,1289.0,1250.5,1264.0,1276.5,35654,1276.5
2016-05-16,1302.0,1262.0,1263.5,1297.0,37243,1297.0
2016-05-17,1299.5,1266.0,1299.5,1279.5,45377,1279.5
2016-05-18,1287.5,1265.0,1276.5,1267.5,24537,1267.5
2016-05-19,1272.5,1245.0,1265.0,1261.0,34258,1261.0
2016-05-20,1282.5,1256.0,1260.5,1278.0,48660,1278.0
2016-05-23,1298.5,1266.0,1276.0,1288.0,39694,1288.0
2016-05-24,1291.0,1278.5,1285.0,1289.5,28406,1289.5
2016-05-25,1309.0,1280.5,1287.5,1305.0,62664,1305.0
2016-05-26,1329.0,1292.5,1302.5,1303.5,51473,1303.5
2016-05-27,1329.5,1305.5,1310.0,1311.0,32683,1311.0
2016-05-30,1326.5,1314.5,1321.0,1318.0,7512,1318.0
2016-05-31,1370.0,1304.0,1318.0,1357.0,66821,1357.0
2016-06-01,1390.5,1342.5,1370.0,1368.5,45287,1368.5
2016-06-02,1389.5,1353.5,1369.5,1371.0,27016,1371.0
2016-06-03,1387.0,1358.0,1372.5,1370.0,38566,1370.0
2016-06-06,1427.0,1383.0,1390.0,1399.5,63212,1399.5
2016-06-07,1427.0,1396.0,1405.0,1413.0,36754,1413.0
2016-06-08,1456.0,1410.0,1422.0,1451.5,26614,1451.5
2016-06-09,1476.0,1445.0,1452.5,1464.0,31928,1464.0
2016-06-10,1499.5,1430.0,1469.0,1430.0,38659,1430.0
2016-06-14,1431.0,1371.0,1431.0,1375.5,62611,1375.5
2016-06-15,1419.5,1372.5,1385.0,1408.5,55396,1408.5
2016-06-16,1402.0,1353.5,1402.0,1382.0,49886,1382.0
2016-06-17,1414.0,1363.0,1366.0,1406.0,44249,1406.0
2016-06-20,1450.0,1408.5,1424.5,1418.5,52709,1418.5
2016-06-21,1429.0,1371.0,1427.0,1375.5,30701,1375.5
2016-06-22,1414.5,1371.5,1384.5,1407.0,28283,1407.0
2016-06-23,1448.0,1405.5,1406.0,1428.0,23256,1428.0
2016-06-24,1429.5,1360.5,1401.5,1379.5,51711,1379.5
2016-06-27,1409.5,1280.0,1391.0,1291.0,84375,1291.0
2016-06-28,1353.0,1300.5,1300.5,1336.0,32564,1336.0
2016-06-29,1374.5,1335.0,1359.5,1372.5,19361,1372.5
2016-06-30,1406.0,1360.5,1375.0,1399.0,24260,1399.0
2016-07-01,1415.5,1375.0,1408.5,1403.0,25956,1403.0
2016-07-04,1401.5,1379.5,1401.5,1390.0,13185,1390.0
2016-07-05,1402.0,1364.0,1380.5,1383.0,20290,1383.0
2016-07-06,1399.5,1348.0,1380.5,1372.0,23956,1372.0
2016-07-07,1409.0,1375.0,1378.0,1390.0,41954,1390.0
2016-07-08,1424.0,1383.0,1391.0,1413.0,15692,1413.0
2016-07-11,1434.0,1403.5,1425.0,1407.0,17603,1407.0
2016-07-12,1479.0,1406.5,1410.0,1473.0,31278,1473.0
2016-07-13,1473.0,1400.5,1473.0,1403.0,33130,1403.0
2016-07-14,1429.5,1391.0,1413.5,1391.0,43031,1391.0
2016-07-15,1414.0,1371.0,1390.0,1375.0,48896,1375.0
2016-07-18,1375.0,1347.5,1375.0,1354.0,50312,1354.0
2016-07-19,1364.5,1341.5,1358.0,1345.5,28147,1345.5
2016-07-20,1360.0,1335.0,1343.0,1360.0,18096,1360.0
2016-07-21,1388.5,1354.0,1357.5,1376.0,18858,1376.0
2016-07-22,1395.0,1360.0,1370.5,1387.5,16495,1387.5
2016-07-25,1413.0,1368.0,1398.0,1379.5,20457,1379.5
2016-07-26,1417.0,1365.0,1373.0,1404.0,40460,1404.0
2016-07-27,1419.5,1390.5,1392.5,1419.0,35279,1419.0
2016-07-28,1543.0,1424.0,1439.0,1485.5,157698,1485.5
2016-07-29,1512.5,1430.5,1487.0,1442.0,45706,1442.0
2016-08-01,1464.0,1426.5,1457.0,1439.0,26802,1439.0
2016-08-02,1444.5,1400.0,1434.0,1416.0,37552,1416.0
2016-08-03,1435.0,1400.5,1415.0,1409.0,22211,1409.0
2016-08-04,1419.5,1395.0,1402.5,1417.0,30524,1417.0
2016-08-05,1429.0,1401.0,1412.0,1429.0,19140,1429.0
2016-08-08,1434.0,1410.5,1428.0,1420.0,10165,1420.0
2016-08-09,1449.0,1410.5,1415.0,1447.0,15415,1447.0
2016-08-10,1460.0,1440.5,1455.0,1447.0,17010,1447.0
2016-08-11,1492.0,1438.5,1445.5,1485.0,27183,1485.0
2016-08-12,1510.5,1485.5,1494.0,1506.0,21212,1506.0
2016-08-15,1529.0,1495.0,1506.5,1498.0,28247,1498.0
2016-08-16,1514.5,1476.5,1498.0,1491.0,18163,1491.0
2016-08-17,1497.0,1445.0,1493.0,1456.0,40022,1456.0
2016-08-18,1476.0,1443.0,1462.0,1451.0,48051,1451.0
2016-08-19,1464.5,1439.0,1464.5,1445.5,18219,1445.5
2016-08-22,1459.0,1415.5,1433.5,1441.0,29111,1441.0
2016-08-23,1454.5,1430.0,1433.5,1449.0,25140,1449.0
2016-08-24,1463.5,1440.5,1459.0,1453.0,18361,1453.0
2016-08-25,1476.0,1444.5,1465.0,1444.5,23247,1444.5
2016-08-26,1470.0,1430.0,1441.0,1447.0,31655,1447.0
2016-08-29,1457.0,1430.5,1440.5,1440.0,28693,1440.0
2016-08-30,1454.0,1430.5,1442.5,1437.5,19520,1437.5
2016-08-31,1447.5,1421.0,1440.0,1428.0,20219,1428.0
2016-09-01,1469.0,1430.0,1430.5,1464.0,32846,1464.0
2016-09-02,1475.0,1447.5,1464.5,1463.0,19268,1463.0
2016-09-05,1465.0,1455.0,1463.0,1455.5,5416,1455.5
2016-09-06,1482.5,1439.0,1458.5,1441.0,38422,1441.0
2016-09-07,1441.5,1410.5,1439.0,1418.0,42668,1418.0
2016-09-08,1443.5,1408.5,1420.0,1409.0,54985,1409.0
2016-09-09,1410.0,1345.5,1410.0,1370.0,95698,1370.0
2016-09-12,1365.5,1317.0,1360.0,1350.0,172415,1350.0
2016-09-13,1360.0,1302.0,1359.5,1326.0,89319,1326.0
2016-09-14,1339.5,1316.0,1326.5,1321.5,36069,1321.5
2016-09-15,1342.0,1309.0,1324.0,1319.5,67920,1319.5
2016-09-16,1344.5,1316.0,1339.0,1335.0,28865,1335.0
2016-09-19,1359.0,1338.0,1348.0,1341.0,27941,1341.0
2016-09-20,1354.5,1333.0,1340.5,1341.0,24804,1341.0
2016-09-21,1359.5,1338.0,1359.0,1348.5,16338,1348.5
2016-09-22,1403.5,1352.0,1361.0,1401.0,52357,1401.0
2016-09-23,1408.0,1377.5,1408.0,1398.5,28981,1398.5
2016-09-26,1385.0,1356.5,1381.0,1370.0,24186,1370.0
2016-09-27,1383.0,1347.0,1370.5,1353.0,19375,1353.0
2016-09-28,1369.0,1350.0,1363.0,1355.0,20141,1355.0
2016-09-29,1369.5,1341.0,1364.5,1353.0,38774,1353.0
2016-09-30,1353.5,1327.0,1350.0,1341.0,24121,1341.0
2016-10-03,1359.0,1320.0,1327.0,1356.0,24546,1356.0
2016-10-04,1365.0,1334.0,1365.0,1346.0,19351,1346.0
2016-10-05,1375.0,1330.0,1333.0,1371.0,36283,1371.0
2016-10-06,1383.0,1359.0,1378.0,1376.5,22804,1376.5
2016-10-07,1391.0,1363.0,1375.0,1367.0,14441,1367.0
2016-10-10,1381.5,1350.0,1361.5,1352.5,11401,1352.5
2016-10-11,1361.0,1340.5,1350.0,1350.5,24284,1350.5
2016-10-12,1354.5,1282.0,1353.5,1290.0,62075,1290.0
2016-10-13,1288.0,1218.0,1277.0,1231.0,152826,1231.0
2016-10-14,1243.0,1194.5,1209.5,1212.0,76972,1212.0
2016-10-17,1207.0,1181.0,1202.5,1186.0,45966,1186.0
2016-10-18,1237.5,1194.0,1194.0,1228.5,40476,1228.5
2016-10-19,1255.5,1232.5,1236.5,1238.5,44597,1238.5
2016-10-20,1245.5,1223.0,1244.0,1234.0,25030,1234.0
2016-10-21,1235.0,1212.5,1222.5,1213.5,14988,1213.5
2016-10-24,1267.5,1211.5,1235.0,1221.0,68786,1221.0
2016-10-25,1262.0,1213.5,1221.5,1222.5,58200,1222.5
2016-10-26,1239.5,1187.5,1225.0,1194.5,53243,1194.5
2016-10-27,1295.0,1199.0,1209.5,1261.0,182583,1261.0
2016-10-28,1287.5,1254.5,1271.0,1270.0,71503,1270.0
2016-10-31,1279.0,1238.0,1279.0,1256.0,48748,1256.0
2016-11-01,1264.0,1231.5,1259.5,1243.5,42188,1243.5
2016-11-02,1245.0,1209.0,1243.0,1212.0,51855,1212.0
2016-11-03,1224.0,1180.0,1210.0,1190.0,77148,1190.0
2016-11-07,1219.5,1191.5,1191.5,1196.0,29816,1196.0
2016-11-08,1221.0,1172.0,1190.0,1197.0,41939,1197.0
2016-11-09,1234.0,1155.5,1180.0,1234.0,59646,1234.0
2016-11-10,1307.0,1240.0,1241.5,1240.5,157425,1240.5
2016-11-11,1269.5,1201.0,1244.5,1225.0,73269,1225.0
2016-11-14,1238.5,1192.0,1225.0,1195.0,36589,1195.0
2016-11-15,1199.5,1168.5,1195.0,1170.0,65862,1170.0
2016-11-16,1192.0,1160.5,1172.0,1164.0,73583,1164.0
2016-11-17,1163.0,1143.0,1150.5,1150.0,100950,1150.0
2016-11-18,1203.5,1155.0,1159.0,1203.5,107262,1203.5
2016-11-21,1220.0,1190.5,1200.0,1201.0,27088,1201.0
2016-11-22,1200.0,1160.0,1200.0,1177.0,64462,1177.0
2016-11-23,1240.0,1197.0,1203.0,1228.0,103130,1228.0
2016-11-24,1240.0,1223.0,1230.0,1228.5,23232,1228.5
2016-11-25,1248.5,1221.0,1223.0,1221.5,49149,1221.5
2016-11-28,1233.5,1204.0,1222.5,1213.0,73834,1213.0
2016-11-29,1215.0,1195.0,1204.5,1215.0,48746,1215.0
2016-11-30,1219.5,1190.0,1216.0,1201.5,70236,1201.5
2016-12-01,1239.5,1204.0,1210.5,1217.0,109372,1217.0
2016-12-02,1213.0,1181.5,1195.5,1197.5,73609,1197.5
2016-12-05,1202.0,1182.5,1184.5,1199.0,124376,1199.0
2016-12-06,1241.0,1209.0,1215.0,1231.0,158136,1231.0
2016-12-07,1250.0,1216.5,1234.5,1243.0,41372,1243.0
2016-12-08,1261.5,1241.5,1249.0,1252.0,61779,1252.0
2016-12-09,1277.5,1241.0,1262.0,1248.0,30743,1248.0
2016-12-12,1260.0,1220.0,1245.5,1240.0,124722,1240.0
2016-12-13,1285.0,1235.5,1240.0,1277.0,69938,1277.0
2016-12-14,1290.0,1242.0,1279.0,1282.5,114268,1282.5
2016-12-15,1310.0,1266.5,1285.0,1292.0,130301,1292.0
2016-12-16,1311.0,1252.0,1274.5,1263.0,169724,1263.0
2016-12-19,1273.5,1245.0,1271.0,1255.0,72809,1255.0
2016-12-20,1267.0,1235.5,1259.5,1267.0,68928,1267.0
2016-12-21,1285.0,1244.0,1271.0,1245.0,54385,1245.0
2016-12-22,1259.5,1236.5,1246.0,1246.0,81082,1246.0
2016-12-23,1262.0,1236.5,1242.5,1256.0,37879,1256.0
2016-12-26,1257.5,1244.5,1252.0,1245.0,20740,1245.0
2016-12-27,1258.5,1235.5,1251.0,1237.0,36796,1237.0
2016-12-28,1250.0,1228.0,1237.0,1228.0,33283,1228.0
2016-12-29,1243.0,1216.5,1239.0,1241.0,27622,1241.0
2016-12-30,1252.5,1239.5,1240.0,1247.5,21400,1247.5
2017-01-03,1269.5,1235.0,1256.0,1241.0,76879,1241.0
2017-01-04,1257.0,1233.5,1247.5,1240.0,38745,1240.0
2017-01-05,1254.5,1212.0,1246.5,1252.0,77016,1252.0
2017-01-06,1295.0,1260.0,1290.0,1291.0,85243,1291.0
2017-01-09,1322.0,1288.5,1295.0,1317.0,66935,1317.0
2017-01-10,1332.0,1305.5,1321.5,1319.5,43962,1319.5
2017-01-11,1309.0,1290.5,1309.0,1299.0,50774,1299.0
2017-01-12,1298.0,1266.0,1293.5,1271.5,57631,1271.5
2017-01-13,1288.0,1259.0,1272.0,1286.5,32527,1286.5
2017-01-16,1310.0,1277.5,1284.5,1305.0,17621,1305.0
2017-01-17,1307.0,1280.5,1291.5,1303.0,27699,1303.0
2017-01-18,1312.0,1292.5,1296.0,1299.0,24276,1299.0
2017-01-19,1312.0,1293.5,1304.5,1307.0,19313,1307.0
2017-01-20,1320.0,1299.0,1315.0,1315.0,26363,1315.0
2017-01-23,1315.5,1288.0,1310.5,1295.0,21749,1295.0
2017-01-24,1350.0,1301.5,1301.5,1349.0,71115,1349.0
2017-01-25,1393.5,1350.0,1350.0,1381.0,79955,1381.0
2017-01-26,1424.5,1386.0,1394.0,1411.0,74963,1411.0
2017-01-27,1425.0,1391.0,1411.5,1418.5,43923,1418.5
2017-01-30,1417.0,1362.5,1408.5,1370.0,52050,1370.0
2017-01-31,1395.0,1375.0,1375.0,1379.0,14883,1379.0
2017-02-01,1407.5,1373.0,1380.0,1384.0,22816,1384.0
2017-02-02,1407.5,1365.5,1391.0,1370.0,33489,1370.0
2017-02-03,1399.0,1370.5,1370.5,1387.0,19437,1387.0
2017-02-06,1394.0,1346.5,1394.0,1357.5,21127,1357.5
2017-02-07,1388.0,1358.0,1358.0,1382.0,19344,1382.0
2017-02-08,1380.5,1345.0,1367.5,1350.0,35971,1350.0
2017-02-09,1365.0,1326.5,1363.0,1356.5,41989,1356.5
2017-02-10,1369.0,1332.0,1360.0,1345.0,16697,1345.0
2017-02-13,1359.5,1335.0,1357.0,1335.0,29261,1335.0
2017-02-14,1344.0,1304.0,1334.0,1312.0,36212,1312.0
2017-02-15,1336.0,1263.0,1316.5,1316.0,42534,1316.0
2017-02-16,1412.0,1312.0,1335.5,1401.0,112710,1401.0
2017-02-17,1436.5,1385.5,1400.0,1425.0,218216,1425.0
2017-02-20,1437.5,1420.0,1427.0,1425.0,21970,1425.0
2017-02-21,1429.5,1392.0,1423.0,1395.0,25695,1395.0
2017-02-22,1404.5,1380.0,1397.0,1398.5,50108,1398.5
2017-02-24,1381.0,1356.0,1380.0,1368.5,17278,1368.5
2017-02-27,1379.5,1334.5,1371.0,1354.0,21494,1354.0
2017-02-28,1354.0,1309.0,1343.5,1330.0,27584,1330.0
2017-03-01,1354.0,1303.5,1325.0,1334.0,61900,1334.0
2017-03-02,1369.5,1335.5,1358.5,1358.5,54747,1358.5
2017-03-03,1373.0,1351.5,1358.5,1370.0,16987,1370.0
2017-03-06,1374.5,1341.0,1370.0,1359.0,27380,1359.0
2017-03-07,1372.0,1349.0,1372.0,1364.0,13444,1364.0
2017-03-09,1389.0,1352.0,1370.5,1359.5,48524,1359.5
2017-03-10,1365.0,1335.5,1361.0,1360.0,26524,1360.0
2017-03-13,1377.5,1350.5,1350.5,1366.5,14845,1366.5
2017-03-14,1379.5,1354.0,1378.5,1357.0,33875,1357.0
2017-03-15,1374.5,1329.0,1369.0,1341.0,29478,1341.0
2017-03-16,1390.0,1327.0,1351.5,1375.0,64829,1375.0
2017-03-17,1396.5,1351.5,1377.5,1354.0,31069,1354.0
2017-03-20,1360.0,1340.0,1359.5,1348.0,14436,1348.0
2017-03-21,1359.5,1309.0,1342.0,1311.0,41762,1311.0
2017-03-22,1297.0,1279.0,1294.0,1291.0,74289,1291.0
2017-03-23,1309.5,1278.5,1292.0,1288.0,17862,1288.0
2017-03-24,1294.0,1271.0,1290.0,1280.5,13401,1280.5
2017-03-27,1285.0,1238.0,1270.0,1261.0,33041,1261.0
2017-03-28,1280.0,1260.0,1262.0,1277.5,14950,1277.5
2017-03-29,1295.0,1255.5,1278.0,1262.0,27156,1262.0
2017-03-30,1277.5,1242.0,1262.5,1247.5,26420,1247.5
2017-03-31,1250.0,1231.0,1244.5,1245.5,14508,1245.5
2017-04-03,1259.5,1225.5,1232.0,1242.0,33441,1242.0
2017-04-04,1258.0,1234.0,1240.0,1239.0,13531,1239.0
2017-04-05,1298.0,1236.5,1237.5,1298.0,67924,1298.0
2017-04-06,1304.5,1279.0,1281.0,1289.0,25718,1289.0
2017-04-07,1290.0,1240.5,1286.0,1260.0,50279,1260.0
2017-04-10,1258.0,1225.0,1240.5,1249.5,28188,1249.5
2017-04-11,1257.0,1230.0,1230.0,1250.5,30854,1250.5
2017-04-12,1293.0,1253.5,1257.0,1284.0,38610,1284.0
2017-04-13,1298.0,1265.0,1298.0,1289.0,27678,1289.0
2017-04-14,1291.5,1266.0,1270.5,1268.5,4672,1268.5
2017-04-17,1368.0,1256.0,1266.5,1367.5,59241,1367.5
2017-04-18,1370.0,1331.0,1370.0,1336.5,22324,1336.5
2017-04-19,1355.0,1326.0,1337.5,1331.5,16731,1331.5
2017-04-20,1340.0,1310.0,1321.5,1328.0,17395,1328.0
2017-04-21,1335.0,1307.0,1328.0,1310.0,24707,1310.0
2017-04-24,1335.0,1307.0,1315.5,1317.0,55320,1317.0
2017-04-25,1338.5,1305.5,1315.0,1338.0,28170,1338.0
2017-04-26,1423.0,1337.5,1344.0,1404.0,119854,1404.0
2017-04-27,1537.0,1405.5,1410.0,1520.0,290496,1520.0
2017-04-28,1569.0,1502.0,1530.5,1534.5,68199,1534.5
2017-05-02,1590.0,1545.0,1552.5,1549.0,45720,1549.0
2017-05-03,1558.5,1500.5,1549.0,1528.0,87317,1528.0
2017-05-04,1589.0,1538.0,1548.5,1581.0,84100,1581.0
2017-05-05,1589.0,1551.5,1553.0,1570.0,22265,1570.0
2017-05-10,1601.0,1576.5,1577.0,1590.0,33097,1590.0
2017-05-11,1667.5,1554.0,1589.5,1562.5,86569,1562.5
2017-05-12,1595.0,1551.0,1575.0,1592.0,81394,1592.0
2017-05-15,1640.5,1595.5,1601.0,1619.0,77039,1619.0
2017-05-16,1648.0,1565.5,1619.0,1611.0,83424,1611.0
2017-05-17,1633.0,1601.5,1625.0,1608.0,38230,1608.0
2017-05-18,1599.5,1550.0,1589.5,1565.0,83972,1565.0
2017-05-19,1634.0,1565.0,1581.0,1611.5,67490,1611.5
2017-05-22,1624.0,1595.5,1618.0,1608.0,32810,1608.0
2017-05-23,1630.0,1593.0,1618.0,1611.5,46031,1611.5
2017-05-24,1619.5,1595.5,1618.5,1611.0,11253,1611.0
2017-05-25,1620.5,1575.5,1600.5,1584.0,20122,1584.0
2017-05-26,1590.0,1565.5,1590.0,1568.0,13564,1568.0
2017-05-29,1583.5,1565.0,1565.0,1573.5,9800,1573.5
2017-05-30,1576.5,1547.0,1565.0,1552.0,24154,1552.0
2017-05-31,1568.0,1497.5,1568.0,1505.0,59352,1505.0
2017-06-01,1527.5,1482.0,1485.5,1520.0,18970,1520.0
2017-06-02,1531.0,1474.5,1507.5,1478.0,63178,1478.0
2017-06-05,1535.0,1482.5,1494.0,1525.0,59949,1525.0
2017-06-06,1555.0,1522.5,1538.5,1524.5,20730,1524.5
2017-06-07,1540.0,1516.0,1539.5,1527.0,18607,1527.0
2017-06-08,1535.5,1513.0,1526.0,1519.0,22317,1519.0
2017-06-09,1548.0,1520.5,1523.5,1541.5,15341,1541.5
2017-06-13,1506.0,1467.0,1491.0,1480.0,51706,1480.0
2017-06-14,1510.5,1474.0,1490.5,1482.5,38014,1482.5
2017-06-15,1502.0,1430.0,1461.5,1495.5,217036,1495.5
2017-06-16,1508.5,1460.5,1503.0,1464.5,23386,1464.5
2017-06-19,1549.5,1466.5,1475.0,1541.0,44244,1541.0
2017-06-20,1580.0,1544.5,1548.5,1554.0,21256,1554.0
2017-06-21,1605.0,1548.5,1554.0,1584.0,21354,1584.0
2017-06-22,1640.5,1595.0,1595.0,1618.0,63619,1618.0
2017-06-23,1629.5,1575.0,1611.5,1616.5,31015,1616.5
2017-06-26,1643.0,1595.5,1629.5,1608.0,21181,1608.0
2017-06-27,1614.5,1580.5,1614.0,1582.5,28457,1582.5
2017-06-28,1633.0,1552.0,1582.5,1612.0,41670,1612.0
2017-06-29,1639.5,1585.0,1630.5,1588.0,21636,1588.0
2017-06-30,1604.5,1532.5,1588.0,1536.0,46981,1536.0
2017-07-03,1570.0,1538.5,1553.0,1558.0,22141,1558.0
2017-07-04,1579.0,1543.5,1549.0,1569.5,10437,1569.5
2017-07-05,1578.5,1545.0,1570.5,1558.5,15283,1558.5
2017-07-06,1581.5,1550.5,1569.5,1564.5,30095,1564.5
2017-07-07,1592.0,1555.0,1574.5,1581.0,20373,1581.0
2017-07-10,1604.0,1568.0,1580.0,1596.0,26009,1596.0
2017-07-11,1616.0,1579.0,1604.0,1612.0,25725,1612.0
2017-07-12,1681.5,1601.0,1613.0,1632.0,31843,1632.0
2017-07-13,2039.5,1640.0,1640.0,1898.5,638178,1898.5
2017-07-14,1909.5,1842.0,1909.5,1867.0,91799,1867.0
2017-07-17,1889.5,1846.0,1865.0,1866.0,62154,1866.0
2017-07-18,1910.0,1851.0,1865.5,1867.0,65060,1867.0
2017-07-19,1902.0,1835.0,1879.0,1849.0,69365,1849.0
2017-07-20,1859.5,1815.0,1850.0,1845.0,30628,1845.0
2017-07-21,1869.5,1835.0,1840.0,1858.0,28458,1858.0
2017-07-24,1928.5,1856.0,1856.0,1916.0,46392,1916.0
2017-07-25,1927.0,1881.0,1925.0,1906.0,36548,1906.0
2017-07-26,1916.0,1891.5,1903.0,1899.5,21284,1899.5
2017-07-27,1923.5,1879.5,1900.0,1888.5,29424,1888.5
2017-07-28,1850.0,1735.0,1837.5,1754.5,176941,1754.5
2017-07-31,1787.0,1743.0,1764.0,1743.0,27776,1743.0
2017-08-01,1785.0,1739.5,1758.0,1748.0,36253,1748.0
2017-08-02,1767.0,1708.0,1756.0,1719.0,38174,1719.0
2017-08-03,1757.0,1710.0,1710.0,1744.0,40973,1744.0
2017-08-04,1779.5,1732.5,1751.0,1770.5,42087,1770.5
2017-08-07,1811.5,1770.5,1770.5,1795.5,52642,1795.5
2017-08-08,1818.0,1765.5,1817.0,1792.5,40662,1792.5
2017-08-09,1915.0,1760.0,1794.5,1835.5,218746,1835.5
2017-08-10,1872.5,1780.5,1864.0,1786.0,73102,1786.0
2017-08-11,1785.5,1731.5,1774.0,1731.5,56306,1731.5
2017-08-14,1783.5,1742.0,1742.0,1765.5,36717,1765.5
2017-08-15,1808.0,1770.5,1792.0,1798.0,21116,1798.0
2017-08-16,1840.0,1801.0,1805.0,1818.0,28342,1818.0
2017-08-17,1864.5,1820.0,1821.5,1832.0,28167,1832.0
2017-08-18,1820.0,1761.0,1820.0,1785.0,59943,1785.0
2017-08-21,1787.5,1751.0,1780.0,1769.0,39656,1769.0
2017-08-22,1779.5,1745.5,1779.5,1756.0,31470,1756.0
2017-08-23,1783.0,1752.0,1770.0,1765.0,28895,1765.0
2017-08-24,1791.5,1758.0,1771.0,1768.0,39927,1768.0
2017-08-25,1800.0,1745.0,1767.5,1757.0,86553,1757.0
2017-08-28,1769.5,1722.5,1759.5,1725.5,89512,1725.5
2017-08-29,1746.5,1710.5,1730.0,1743.0,32446,1743.0
2017-08-30,1754.0,1720.5,1746.5,1728.5,51505,1728.5
2017-08-31,1775.5,1734.5,1737.0,1752.0,51611,1752.0
2017-09-01,1867.5,1740.0,1746.5,1820.0,113718,1820.0
2017-09-04,1837.5,1817.0,1817.0,1833.0,20607,1833.0
2017-09-05,1886.0,1821.0,1831.5,1868.5,88500,1868.5
2017-09-06,1885.0,1821.0,1861.5,1843.0,50824,1843.0
2017-09-07,1854.0,1798.0,1849.0,1820.0,34867,1820.0
2017-09-08,1897.0,1851.5,1855.5,1865.5,57809,1865.5
2017-09-11,1881.5,1835.5,1859.5,1867.0,78872,1867.0
2017-09-12,1938.0,1867.0,1867.0,1903.5,63314,1903.5
2017-09-13,1925.0,1874.0,1903.0,1876.0,91462,1876.0
2017-09-14,1882.0,1841.0,1871.5,1858.0,78794,1858.0
2017-09-15,1913.5,1850.5,1869.0,1895.0,62969,1895.0
2017-09-18,1908.0,1863.0,1890.0,1895.0,34305,1895.0
2017-09-19,1894.0,1840.0,1892.5,1873.0,56748,1873.0
2017-09-20,1891.0,1863.5,1880.0,1872.0,28348,1872.0
2017-09-21,1894.5,1860.0,1884.5,1872.0,68536,1872.0
2017-09-22,1930.0,1867.0,1875.0,1922.0,71193,1922.0
2017-09-25,1936.0,1846.0,1900.5,1853.0,170026,1853.0
2017-09-26,1885.0,1831.5,1864.5,1848.0,78818,1848.0
2017-09-27,1880.0,1841.0,1857.5,1867.0,45437,1867.0
2017-09-28,1901.5,1846.5,1876.0,1856.0,69247,1856.0
2017-09-29,1877.0,1850.0,1865.5,1873.0,32322,1873.0
2017-10-02,1940.0,1880.5,1880.5,1906.5,79815,1906.5
2017-10-03,1974.5,1901.0,1914.5,1961.0,80279,1961.0
2017-10-04,1992.5,1933.0,1951.0,1942.5,44685,1942.5
2017-10-05,1972.0,1911.0,1934.5,1925.0,54926,1925.0
2017-10-06,1960.0,1890.5,1939.0,1893.0,61317,1893.0
2017-10-09,1924.0,1890.0,1907.5,1920.0,35215,1920.0
2017-10-10,1910.0,1838.0,1910.0,1840.0,136055,1840.0
2017-10-11,1864.0,1830.0,1854.5,1855.5,63397,1855.5
2017-10-12,1878.0,1833.5,1855.0,1863.0,45680,1863.0
2017-10-13,1874.5,1847.5,1864.0,1858.0,73897,1858.0
2017-10-16,1869.5,1825.0,1850.0,1832.0,57554,1832.0
2017-10-17,1852.5,1815.5,1832.0,1833.0,45823,1833.0
2017-10-18,1857.0,1816.0,1833.0,1852.0,52731,1852.0
2017-10-19,1860.0,1830.0,1859.0,1839.5,49930,1839.5
2017-10-20,1839.5,1790.0,1825.0,1796.0,60844,1796.0
2017-10-23,1812.0,1782.0,1796.0,1799.0,44436,1799.0
2017-10-24,1950.0,1743.0,1787.0,1889.0,355149,1889.0
2017-10-25,1908.0,1836.5,1899.5,1855.0,55192,1855.0
2017-10-26,1915.0,1840.0,1859.5,1896.0,85962,1896.0
2017-10-27,1955.0,1890.5,1908.0,1917.5,105617,1917.5
2017-10-30,1919.0,1878.0,1919.0,1898.0,47467,1898.0
2017-10-31,1971.0,1881.5,1900.5,1950.0,113758,1950.0
2017-11-01,2023.5,1950.0,1950.0,1991.5,103672,1991.5
2017-11-02,1984.5,1927.0,1980.0,1932.0,90602,1932.0
2017-11-03,1977.0,1930.0,1932.5,1965.0,46581,1965.0
2017-11-07,1993.5,1943.5,1966.0,1950.5,62276,1950.5
2017-11-08,1969.5,1920.5,1944.0,1935.5,58311,1935.5
2017-11-09,1949.0,1883.0,1933.5,1890.0,70358,1890.0
2017-11-10,1910.0,1855.5,1890.0,1856.5,57198,1856.5
2017-11-13,1875.0,1840.5,1856.0,1860.0,62551,1860.0
2017-11-14,1929.5,1862.0,1874.5,1890.0,93072,1890.0
2017-11-15,1894.0,1857.0,1890.0,1873.0,30431,1873.0
2017-11-16,1926.0,1868.0,1889.0,1925.5,43257,1925.5
2017-11-17,1967.5,1915.0,1926.5,1949.5,53704,1949.5
2017-11-20,2008.0,1950.5,1965.0,2002.5,61214,2002.5
2017-11-21,2060.0,1990.0,2001.0,2038.0,84456,2038.0
2017-11-22,2039.5,1957.5,2030.0,1975.0,66128,1975.0
2017-11-23,1998.5,1980.0,1980.5,1987.5,23243,1987.5
2017-11-24,2079.5,1981.5,1981.5,2025.0,119220,2025.0
2017-11-27,2055.0,2015.0,2033.0,2017.0,61404,2017.0
2017-11-28,2029.5,1988.0,2019.0,1991.5,63364,1991.5
2017-11-29,2030.0,1933.0,2002.5,1957.0,86996,1957.0
2017-11-30,1949.5,1881.0,1949.5,1940.5,30801,1940.5
2017-12-01,1949.5,1916.5,1935.0,1931.5,28477,1931.5
2017-12-04,1939.0,1901.0,1932.0,1907.0,58497,1907.0
2017-12-05,1912.5,1867.0,1900.0,1899.0,58004,1899.0
2017-12-06,1936.5,1889.0,1899.5,1900.0,50012,1900.0
2017-12-07,1949.5,1908.0,1920.0,1949.5,84859,1949.5
2017-12-08,1979.5,1949.5,1949.5,1957.0,33746,1957.0
2017-12-11,1999.0,1958.5,1960.0,1997.5,51648,1997.5
2017-12-12,1996.0,1944.0,1996.0,1954.0,33814,1954.0
2017-12-13,1975.0,1930.0,1935.0,1938.0,54188,1938.0
2017-12-14,1950.0,1909.0,1935.0,1919.0,50511,1919.0
2017-12-15,1915.0,1875.5,1915.0,1895.0,64642,1895.0
2017-12-18,1910.0,1880.0,1895.0,1892.0,36363,1892.0
2017-12-19,1905.0,1872.0,1892.0,1902.0,33689,1902.0
2017-12-20,1906.5,1865.5,1898.0,1873.5,122227,1873.5
2017-12-21,1895.0,1851.5,1885.5,1884.0,50084,1884.0
2017-12-22,1865.0,1832.0,1865.0,1832.0,59239,1832.0
2017-12-25,1852.5,1832.5,1832.5,1847.0,18514,1847.0
2017-12-26,1863.5,1820.0,1852.0,1840.0,63467,1840.0
2017-12-27,1874.5,1845.0,1845.0,1865.0,25132,1865.0
2017-12-28,1885.0,1859.0,1867.5,1883.5,27066,1883.5
2017-12-29,1911.5,1860.5,1880.0,1894.0,20626,1894.0
2018-01-03,1949.5,1915.0,1919.0,1943.5,33309,1943.5
2018-01-04,1985.0,1943.0,1943.0,1978.0,38191,1978.0
2018-01-05,1966.0,1921.0,1966.0,1942.5,23258,1942.5
2018-01-09,1982.0,1954.0,1957.5,1963.0,42869,1963.0
2018-01-10,1980.0,1931.5,1963.0,1972.0,44377,1972.0
2018-01-11,1985.0,1955.0,1963.5,1965.0,40627,1965.0
2018-01-12,1968.0,1945.5,1955.0,1955.0,17652,1955.0
2018-01-15,1979.0,1954.5,1958.0,1970.0,14710,1970.0
2018-01-16,2044.0,1940.5,1964.0,1992.5,118580,1992.5
2018-01-17,2046.5,1981.0,1993.0,2035.0,45444,2035.0
2018-01-18,2100.0,2045.0,2050.0,2099.0,84023,2099.0
2018-01-19,2134.0,2090.5,2112.0,2098.5,48159,2098.5
2018-01-22,2122.5,2080.5,2095.5,2118.5,38472,2118.5
2018-01-24,2159.5,2129.5,2159.5,2138.0,19139,2138.0
2018-01-25,2155.0,2105.0,2138.5,2134.0,44060,2134.0
2018-01-26,2179.5,2134.0,2135.0,2176.0,47188,2176.0
2018-01-29,2214.5,2178.5,2191.5,2197.5,29624,2197.5
2018-01-30,2176.5,2120.0,2176.5,2153.5,136949,2153.5
2018-01-31,2196.5,2133.5,2160.5,2179.0,29188,2179.0
2018-02-01,2229.0,2168.0,2183.0,2202.0,68001,2202.0
2018-02-02,2224.5,2115.5,2190.5,2150.0,50026,2150.0
2018-02-05,2169.5,2113.5,2145.5,2150.0,40194,2150.0
2018-02-06,2130.0,2048.5,2073.0,2054.0,114540,2054.0
2018-02-07,2174.0,2100.5,2106.0,2140.5,48372,2140.5
2018-02-08,2187.0,2125.5,2137.0,2159.0,60982,2159.0
2018-02-09,2107.0,2062.0,2090.5,2086.5,80902,2086.5
2018-02-12,2135.0,2101.5,2101.5,2127.0,48719,2127.0
2018-02-13,2141.5,2111.0,2124.0,2135.0,70601,2135.0
2018-02-14,2220.5,2144.0,2155.0,2200.0,95267,2200.0
2018-02-15,2420.0,2211.0,2250.0,2283.5,382032,2283.5
2018-02-16,2374.0,2291.5,2341.5,2371.5,134208,2371.5
2018-02-19,2430.0,2361.0,2371.0,2416.5,47677,2416.5
2018-02-20,2439.0,2376.5,2420.0,2413.0,54879,2413.0
2018-02-21,2474.5,2418.0,2424.5,2473.5,86054,2473.5
2018-02-22,2494.0,2410.5,2469.0,2438.0,66184,2438.0
2018-02-26,2450.0,2381.0,2450.0,2382.0,70719,2382.0
2018-02-27,2391.0,2320.5,2363.0,2386.0,68579,2386.0
2018-02-28,2385.0,2327.0,2381.5,2343.5,35079,2343.5
2018-03-01,2344.5,2300.5,2329.5,2304.5,46395,2304.5
2018-03-02,2310.0,2241.0,2309.0,2280.5,90867,2280.5
2018-03-05,2372.0,2313.5,2313.5,2347.5,46728,2347.5
2018-03-06,2395.0,2351.0,2377.5,2389.5,72613,2389.5
2018-03-07,2439.5,2368.0,2399.0,2427.5,78782,2427.5
2018-03-09,2519.0,2451.0,2474.0,2490.5,39929,2490.5
2018-03-12,2486.0,2439.5,2465.0,2450.0,57562,2450.0
2018-03-13,2476.0,2385.0,2449.0,2415.0,67406,2415.0
2018-03-14,2439.5,2394.0,2425.0,2430.5,44422,2430.5
2018-03-15,2469.0,2415.5,2442.5,2444.0,76111,2444.0
2018-03-16,2450.0,2418.0,2441.0,2436.0,25217,2436.0
2018-03-19,2452.0,2406.5,2435.0,2426.0,28486,2426.0
2018-03-20,2485.5,2427.0,2427.5,2453.0,35640,2453.0
2018-03-21,2497.5,2450.0,2465.0,2497.5,33690,2497.5
2018-03-22,2487.5,2375.5,2487.5,2385.0,68253,2385.0
2018-03-23,2425.0,2372.0,2390.0,2385.5,60562,2385.5
2018-03-26,2405.0,2322.0,2377.0,2324.5,71574,2324.5
2018-03-27,2393.5,2351.5,2360.5,2364.0,39455,2364.0
2018-03-28,2339.5,2234.0,2339.5,2265.0,94391,2265.0
2018-03-29,2328.5,2271.0,2279.0,2314.0,82018,2314.0
2018-03-30,2307.5,2260.0,2288.5,2287.0,30496,2287.0
2018-04-02,2290.0,2244.0,2290.0,2253.0,48288,2253.0
2018-04-03,2294.0,2240.0,2250.0,2260.0,49519,2260.0
2018-04-04,2255.0,2202.0,2255.0,2228.0,60209,2228.0
2018-04-05,2318.0,2264.5,2264.5,2315.0,56428,2315.0
2018-04-06,2318.0,2292.0,2313.0,2310.5,33870,2310.5
2018-04-09,2313.0,2077.0,2310.0,2134.0,188964,2134.0
2018-04-10,2205.0,2048.0,2090.5,2169.0,169847,2169.0
2018-04-11,2244.5,2140.5,2168.5,2240.0,118733,2240.0
2018-04-12,2349.5,2130.0,2211.0,2157.0,282840,2157.0
2018-04-13,2250.0,2060.5,2139.5,2083.5,258759,2083.5
2018-04-16,2110.0,1995.0,2051.0,2020.5,191047,2020.5
2018-04-17,2222.5,2067.5,2148.5,2103.5,129007,2103.5
2018-04-18,2167.0,2075.0,2080.0,2142.0,228524,2142.0
2018-04-19,2216.0,2089.0,2160.0,2096.5,250637,2096.5
2018-04-20,2137.5,2068.0,2111.0,2082.0,67988,2082.0
2018-04-23,2192.0,2086.0,2095.0,2140.5,150940,2140.5
2018-04-24,2160.0,2094.5,2142.0,2105.5,170564,2105.5
2018-04-25,2140.0,1982.0,2090.5,2025.0,481922,2025.0
2018-04-26,2094.5,2041.0,2051.0,2061.0,179122,2061.0
2018-04-27,2088.0,1994.0,2075.0,2015.5,291102,2015.5
2018-04-30,2110.0,2020.0,2035.5,2097.5,111949,2097.5
2018-05-02,2220.0,2070.5,2106.5,2215.0,260589,2215.0
2018-05-03,2203.5,2114.0,2203.5,2130.5,126882,2130.5
2018-05-04,2149.5,2082.0,2149.0,2107.0,79932,2107.0
2018-05-07,2166.5,2107.5,2115.5,2152.5,92277,2152.5
2018-05-08,2172.5,2111.0,2152.5,2127.5,77726,2127.5
2018-05-10,2200.0,2137.0,2140.5,2190.0,125038,2190.0
2018-05-11,2211.0,2170.5,2181.0,2202.0,95480,2202.0
2018-05-14,2204.0,2155.0,2196.0,2186.0,99243,2186.0
2018-05-15,2178.5,2105.5,2172.5,2118.5,115946,2118.5
2018-05-16,2147.5,2101.0,2126.0,2118.0,82661,2118.0
2018-05-17,2134.5,2102.0,2123.0,2131.0,51800,2131.0
2018-05-18,2129.0,2107.5,2120.0,2114.0,48484,2114.0
2018-05-21,2163.5,2123.0,2123.0,2149.5,103673,2149.5
2018-05-22,2149.0,2110.5,2149.0,2122.5,45742,2122.5
2018-05-23,2114.5,2075.0,2100.0,2086.5,86610,2086.5
2018-05-24,2125.0,2086.0,2103.5,2094.0,113319,2094.0
2018-05-25,2097.0,2070.0,2084.5,2089.5,63124,2089.5
2018-05-28,2104.0,2078.0,2089.0,2102.5,31583,2102.5
2018-05-29,2129.0,2059.0,2102.0,2070.0,93841,2070.0
2018-05-30,2068.5,2025.5,2059.5,2065.5,93366,2065.5
2018-05-31,2110.0,2062.5,2062.5,2076.5,73496,2076.5
2018-06-01,2139.5,2084.5,2088.5,2137.0,136919,2137.0
2018-06-04,2179.0,2129.0,2132.5,2163.5,93814,2163.5
2018-06-05,2255.5,2177.5,2188.5,2230.0,177904,2230.0
2018-06-06,2239.0,2193.5,2216.0,2214.0,67883,2214.0
2018-06-07,2234.5,2160.0,2234.5,2175.0,83014,2175.0
2018-06-08,2159.5,2117.0,2159.5,2142.0,102007,2142.0
2018-06-11,2211.5,2143.0,2164.0,2192.5,74335,2192.5
2018-06-13,2325.0,2251.5,2252.5,2290.5,230604,2290.5
2018-06-14,2301.5,2257.0,2289.0,2292.0,104299,2292.0
2018-06-15,2309.5,2256.0,2300.0,2268.0,68333,2268.0
2018-06-18,2302.5,2240.5,2255.5,2287.0,99351,2287.0
2018-06-19,2320.0,2265.0,2310.0,2295.0,99635,2295.0
2018-06-20,2332.0,2286.0,2295.0,2301.5,79492,2301.5
2018-06-21,2311.0,2246.0,2304.5,2270.5,73634,2270.5
2018-06-22,2268.5,2190.0,2257.0,2217.0,92558,2217.0
2018-06-25,2232.0,2165.5,2232.0,2177.0,132943,2177.0
2018-06-26,2197.5,2150.5,2179.0,2185.0,102160,2185.0
2018-06-27,2245.0,2189.0,2197.5,2227.5,100522,2227.5
2018-06-28,2206.0,2165.0,2202.5,2193.5,75600,2193.5
2018-06-29,2261.0,2201.5,2206.0,2244.0,101424,2244.0
2018-07-02,2271.5,2223.0,2238.5,2253.5,62975,2253.5
2018-07-03,2290.0,2251.0,2280.0,2254.0,52382,2254.0
2018-07-04,2245.0,2225.0,2243.0,2236.0,20444,2236.0
2018-07-05,2256.5,2210.0,2230.0,2226.0,75778,2226.0
2018-07-06,2325.0,2256.0,2266.5,2315.0,97251,2315.0
2018-07-09,2357.0,2314.5,2320.0,2320.5,64540,2320.5
2018-07-10,2351.0,2311.0,2330.0,2311.5,55940,2311.5
2018-07-11,2320.0,2259.0,2299.5,2303.0,64714,2303.0
2018-07-12,2349.5,2281.5,2302.5,2345.0,54580,2345.0
2018-07-13,2399.0,2353.0,2376.0,2380.5,86449,2380.5
2018-07-16,2383.0,2310.0,2383.0,2323.0,59912,2323.0
2018-07-17,2425.0,2312.0,2333.5,2420.0,85666,2420.0
2018-07-18,2419.5,2370.5,2419.5,2398.5,90260,2398.5
2018-07-19,2414.0,2377.5,2390.0,2381.0,84627,2381.0
2018-07-20,2348.0,2290.0,2341.0,2329.5,94165,2329.5
2018-07-23,2344.5,2306.5,2338.5,2333.0,50563,2333.0
2018-07-24,2419.0,2340.5,2354.0,2377.0,76962,2377.0
2018-07-25,2396.0,2353.0,2363.0,2391.5,80479,2391.5
2018-07-26,2499.5,2348.0,2410.5,2430.0,365502,2430.0
2018-07-27,2431.0,2355.0,2384.5,2388.0,111301,2388.0
2018-07-30,2364.5,2232.5,2350.0,2242.5,221862,2242.5
2018-07-31,2284.0,2220.5,2240.5,2250.0,140652,2250.0
2018-08-01,2295.0,2253.0,2257.0,2272.0,145457,2272.0
2018-08-02,2279.5,2210.5,2266.0,2237.0,92085,2237.0
2018-08-03,2273.0,2241.5,2260.5,2252.5,77790,2252.5
2018-08-06,2276.0,2225.0,2260.0,2230.5,63851,2230.5
2018-08-07,2290.0,2231.5,2241.0,2272.5,103704,2272.5
2018-08-08,2274.5,2156.0,2255.0,2185.0,189493,2185.0
2018-08-09,2185.0,2102.5,2142.0,2132.0,249548,2132.0
2018-08-10,2145.0,2080.0,2134.0,2128.0,169041,2128.0
2018-08-13,2170.0,2120.0,2140.0,2152.5,96247,2152.5
2018-08-14,2184.0,2111.0,2165.0,2150.0,238253,2150.0
2018-08-15,2142.0,2061.5,2142.0,2091.0,195533,2091.0
2018-08-16,2140.0,2100.5,2105.5,2123.5,75699,2123.5
2018-08-17,2137.0,2082.5,2123.5,2099.0,87894,2099.0
2018-08-20,2145.0,2100.5,2108.0,2133.5,71547,2133.5
2018-08-21,2168.0,2115.0,2125.0,2164.0,62589,2164.0
2018-08-22,2170.5,2125.0,2163.5,2137.0,76889,2137.0
2018-08-23,2165.5,2110.0,2150.0,2120.0,110287,2120.0
2018-08-24,2130.0,2104.0,2118.0,2115.0,68723,2115.0
2018-08-27,2163.0,2124.5,2142.0,2151.0,61821,2151.0
2018-08-28,2184.5,2148.0,2158.0,2153.5,83357,2153.5
2018-08-29,2170.0,2149.5,2159.0,2168.5,35836,2168.5
2018-08-30,2173.0,2122.5,2170.0,2142.0,71020,2142.0
2018-08-31,2160.0,2113.5,2132.0,2150.0,89056,2150.0
2018-09-03,2180.0,2159.0,2159.0,2179.5,24189,2179.5
2018-09-04,2194.5,2146.5,2183.5,2168.0,76617,2168.0
2018-09-05,2185.5,2106.0,2170.0,2125.0,122397,2125.0
2018-09-06,2133.5,2075.0,2122.5,2105.5,109100,2105.5
2018-09-07,2109.0,2055.0,2080.0,2098.5,142792,2098.5
2018-09-10,2125.0,2097.0,2100.5,2111.5,47127,2111.5
2018-09-11,2124.5,2080.0,2123.5,2094.5,58568,2094.5
2018-09-12,2111.5,2035.0,2097.0,2066.5,104783,2066.5
2018-09-13,2159.0,2070.5,2070.5,2132.0,156927,2132.0
2018-09-14,2195.0,2126.0,2145.0,2187.0,98618,2187.0
2018-09-17,2208.5,2135.0,2192.0,2148.0,82826,2148.0
2018-09-18,2150.0,2110.5,2117.0,2144.5,116020,2144.5
2018-09-19,2163.5,2121.0,2140.0,2145.0,96623,2145.0
2018-09-20,2219.0,2150.5,2152.5,2174.5,197732,2174.5
2018-09-21,2217.5,2166.0,2178.0,2204.0,100099,2204.0
2018-09-24,2202.5,2145.0,2202.5,2193.5,94318,2193.5
2018-09-25,2214.5,2184.0,2196.5,2213.0,59058,2213.0
2018-09-26,2230.5,2197.5,2213.0,2216.0,69275,2216.0
2018-09-27,2233.0,2180.0,2194.0,2185.0,117210,2185.0
2018-09-28,2196.5,2140.5,2195.0,2160.5,89453,2160.5
2018-10-01,2184.5,2130.0,2168.0,2134.0,80762,2134.0
2018-10-02,2146.0,2093.5,2136.0,2136.5,132994,2136.5
2018-10-03,2179.0,2137.0,2143.5,2172.5,84637,2172.5
2018-10-04,2189.5,2139.0,2185.5,2157.5,217410,2157.5
2018-10-05,2180.5,2105.5,2151.0,2143.0,140342,2143.0
2018-10-08,2204.5,2130.0,2143.0,2170.5,153637,2170.5
2018-10-09,2249.0,2186.5,2197.5,2220.0,135035,2220.0
2018-10-10,2227.0,2128.0,2219.5,2146.0,139225,2146.0
2018-10-11,2165.5,2097.0,2111.5,2118.0,192956,2118.0
2018-10-12,2169.5,2120.5,2130.0,2140.0,74895,2140.0
2018-10-15,2181.5,2121.0,2152.0,2178.0,81153,2178.0
2018-10-16,2327.5,2160.5,2178.0,2307.0,225686,2307.0
2018-10-17,2330.5,2285.5,2308.0,2310.0,109345,2310.0
2018-10-18,2356.5,2185.0,2322.0,2235.0,386265,2235.0
2018-10-19,2095.0,1736.0,2012.0,1790.0,3394413,1790.0
2018-10-22,1990.0,1687.5,1830.0,1755.0,3147288,1755.0
2018-10-23,1837.5,1717.0,1764.5,1754.5,951424,1754.5
2018-10-24,1819.5,1765.0,1769.5,1781.0,591164,1781.0
2018-10-25,1789.5,1710.0,1749.5,1777.0,411199,1777.0
2018-10-26,1787.0,1722.5,1770.0,1746.5,368539,1746.5
2018-10-29,1928.5,1770.5,1777.0,1859.5,1334577,1859.5
2018-10-30,1885.0,1800.0,1829.5,1843.0,613441,1843.0
2018-10-31,1975.0,1854.0,1875.0,1916.5,1298318,1916.5
2018-11-01,1999.0,1935.0,1965.5,1999.0,866068,1999.0
2018-11-02,2041.5,1977.0,2006.5,1995.0,801454,1995.0
2018-11-06,2019.0,1984.0,2000.5,2002.0,295345,2002.0
2018-11-07,2005.5,1970.0,1999.5,1995.0,238573,1995.0
2018-11-08,1999.5,1959.0,1987.5,1982.0,283295,1982.0
2018-11-09,1964.0,1902.5,1954.5,1921.5,298856,1921.5
2018-11-12,1939.0,1873.0,1928.5,1886.0,342062,1886.0
2018-11-13,1925.5,1875.0,1886.0,1903.5,269990,1903.5
2018-11-14,1964.5,1894.0,1905.5,1940.0,253933,1940.0
2018-11-15,1957.5,1913.0,1940.0,1920.0,180317,1920.0
2018-11-16,1951.0,1907.5,1933.0,1916.0,164418,1916.0
2018-11-19,1944.5,1915.5,1927.0,1924.5,136072,1924.5
2018-11-20,1915.0,1851.0,1915.0,1902.0,232412,1902.0
2018-11-21,1923.0,1872.0,1879.5,1909.0,214905,1909.0
2018-11-22,1930.0,1915.5,1924.5,1921.0,63265,1921.0
2018-11-23,1917.0,1871.0,1912.0,1898.5,182357,1898.5
2018-11-26,1924.5,1851.0,1894.5,1920.0,310159,1920.0
2018-11-27,1949.0,1915.0,1924.0,1945.0,136992,1945.0
2018-11-28,1977.0,1935.5,1949.5,1945.5,235387,1945.5
2018-11-29,1998.0,1950.0,1976.0,1967.5,233302,1967.5
2018-11-30,1971.0,1930.0,1950.0,1965.0,119212,1965.0
2018-12-03,2019.5,1975.0,1975.0,1989.0,409063,1989.0
2018-12-04,1995.0,1954.0,1995.0,1957.5,108717,1957.5
2018-12-05,1965.0,1921.0,1949.5,1955.0,79094,1955.0
2018-12-06,1939.5,1868.5,1936.0,1914.0,328177,1914.0
2018-12-07,1936.5,1907.0,1913.5,1912.5,132246,1912.5
2018-12-10,1927.0,1893.5,1911.5,1903.0,101014,1903.0
2018-12-11,1899.5,1865.5,1890.0,1869.5,179773,1869.5
2018-12-12,1876.5,1781.5,1849.5,1871.5,323276,1871.5
2018-12-13,1910.0,1870.5,1900.0,1888.0,143351,1888.0
2018-12-14,1869.0,1836.0,1869.0,1860.5,123442,1860.5
2018-12-17,1883.0,1850.0,1868.5,1869.0,94943,1869.0
2018-12-18,1870.0,1836.0,1850.0,1856.0,163852,1856.0
2018-12-19,1905.0,1836.0,1850.0,1894.0,148234,1894.0
2018-12-20,1880.0,1834.5,1850.0,1864.0,235385,1864.0
2018-12-21,1877.0,1847.5,1860.0,1860.5,123085,1860.5
2018-12-24,1854.5,1805.0,1850.0,1840.5,211397,1840.5
2018-12-25,1840.0,1785.5,1829.5,1828.0,117377,1828.0
2018-12-26,1875.0,1816.5,1830.0,1832.0,237870,1832.0
2018-12-27,1901.0,1863.5,1870.0,1880.0,220773,1880.0
2018-12-28,1939.0,1894.0,1894.0,1916.0,175594,1916.0
2019-01-03,1918.5,1857.0,1918.5,1859.5,148487,1859.5
2019-01-04,1924.0,1861.5,1861.5,1916.0,187797,1916.0
2019-01-08,1953.0,1919.0,1933.0,1926.5,114452,1926.5
2019-01-09,1970.0,1934.0,1936.5,1960.0,133630,1960.0
2019-01-10,1985.5,1955.0,1970.5,1985.0,142546,1985.0
2019-01-11,1997.0,1973.5,1983.0,1983.0,101638,1983.0
2019-01-14,1997.0,1964.5,1985.0,1992.5,107716,1992.5
2019-01-15,2009.5,1980.5,1993.5,1999.5,190886,1999.5
2019-01-16,2006.0,1977.0,1997.5,1980.0,179500,1980.0
2019-01-17,2006.0,1960.0,1979.5,1993.5,154687,1993.5
2019-01-18,2059.5,2020.5,2024.0,2044.5,277420,2044.5
2019-01-21,2049.5,2040.0,2048.5,2044.5,48914,2044.5
2019-01-22,2077.0,2011.0,2033.0,2051.0,138732,2051.0
2019-01-23,2075.5,2035.0,2039.0,2060.0,190116,2060.0
2019-01-24,2098.0,2050.0,2057.0,2083.0,217522,2083.0
2019-01-25,2172.5,2095.5,2099.5,2152.0,278632,2152.0
2019-01-28,2188.5,2124.0,2170.0,2167.0,305057,2167.0
2019-01-29,2184.0,2151.5,2176.5,2152.0,156601,2152.0
2019-01-30,2172.5,2136.0,2147.0,2157.0,131154,2157.0
2019-01-31,2214.5,2180.0,2180.5,2212.0,264189,2212.0
2019-02-01,2215.0,2165.39990234375,2200.199951171875,2197.199951171875,169741,2197.199951171875
2019-02-04,2215.0,2195.0,2195.0,2212.0,83835,2212.0
2019-02-05,2262.0,2215.60009765625,2220.0,2250.800048828125,222590,2250.800048828125
2019-02-06,2261.60009765625,2225.199951171875,2261.0,2244.0,130657,2244.0
2019-02-07,2231.39990234375,2181.800048828125,2230.800048828125,2192.199951171875,139310,2192.199951171875
2019-02-08,2189.0,2142.39990234375,2189.0,2163.39990234375,132679,2163.39990234375
2019-02-11,2223.0,2170.0,2170.0,2196.0,167077,2196.0
2019-02-12,2241.800048828125,2200.39990234375,2206.0,2230.0,177278,2230.0
2019-02-13,2258.199951171875,2201.0,2233.0,2258.0,385668,2258.0
2019-02-14,2269.60009765625,2212.0,2229.0,2264.0,336454,2264.0
2019-02-15,2335.0,2148.800048828125,2290.0,2200.199951171875,1081955,2200.199951171875
2019-02-18,2174.39990234375,2116.199951171875,2140.0,2161.0,683691,2161.0
2019-02-19,2179.800048828125,2095.0,2169.800048828125,2126.60009765625,574622,2126.60009765625
2019-02-20,2187.39990234375,2148.60009765625,2161.0,2166.199951171875,281378,2166.199951171875
2019-02-21,2176.0,2110.0,2167.0,2115.0,222203,2115.0
2019-02-22,2139.0,2090.39990234375,2108.0,2133.0,252076,2133.0
2019-02-25,2235.0,2180.199951171875,2181.0,2214.60009765625,393776,2214.60009765625
2019-02-26,2204.800048828125,2162.0,2198.0,2169.60009765625,136769,2169.60009765625
2019-02-27,2189.800048828125,2158.800048828125,2177.800048828125,2163.0,158283,2163.0
2019-02-28,2214.0,2145.199951171875,2165.0,2208.0,171973,2208.0
2019-03-01,2270.0,2230.0,2235.60009765625,2247.39990234375,329179,2247.39990234375
2019-03-04,2319.60009765625,2260.0,2260.0,2303.60009765625,204278,2303.60009765625
2019-03-05,2340.199951171875,2272.0,2290.39990234375,2340.199951171875,178112,2340.199951171875
2019-03-06,2404.0,2350.199951171875,2355.0,2362.0,238266,2362.0
2019-03-07,2382.0,2312.0,2363.0,2329.199951171875,132912,2329.199951171875
2019-03-11,2364.800048828125,2320.0,2320.0,2355.39990234375,82775,2355.39990234375
2019-03-12,2380.0,2344.0,2369.0,2353.0,74898,2353.0
2019-03-13,2368.39990234375,2325.0,2349.60009765625,2340.0,79243,2340.0
2019-03-14,2354.800048828125,2306.199951171875,2344.800048828125,2317.0,77077,2317.0
2019-03-15,2354.39990234375,2325.0,2325.0,2346.0,64469,2346.0
2019-03-18,2398.0,2318.0,2354.800048828125,2324.0,215920,2324.0
2019-03-19,2339.800048828125,2315.60009765625,2323.800048828125,2320.0,65695,2320.0
2019-03-20,2329.800048828125,2295.0,2318.800048828125,2303.60009765625,81802,2303.60009765625
2019-03-21,2348.0,2259.0,2299.800048828125,2271.800048828125,444005,2271.800048828125
2019-03-22,2310.0,2275.0,2290.0,2276.39990234375,113230,2276.39990234375
2019-03-25,2318.39990234375,2210.0,2274.0,2298.39990234375,95228,2298.39990234375
2019-03-26,2329.0,2290.199951171875,2295.0,2308.0,88356,2308.0
2019-03-27,2317.60009765625,2276.0,2306.60009765625,2286.60009765625,92695,2286.60009765625
2019-03-28,2316.800048828125,2250.0,2270.0,2316.0,125299,2316.0
2019-03-29,2335.0,2283.39990234375,2332.199951171875,2285.0,186601,2285.0
2019-04-01,2291.0,2232.0,2289.39990234375,2242.0,208301,2242.0
2019-04-02,2252.800048828125,2218.199951171875,2238.0,2246.60009765625,167927,2246.60009765625
2019-04-03,2286.800048828125,2255.60009765625,2271.60009765625,2268.199951171875,126943,2268.199951171875
2019-04-04,2301.800048828125,2250.39990234375,2265.0,2283.0,101920,2283.0
2019-04-05,2305.0,2267.199951171875,2280.0,2291.60009765625,81036,2291.60009765625
2019-04-08,2313.800048828125,2283.60009765625,2291.39990234375,2299.0,56207,2299.0
2019-04-09,2344.199951171875,2300.39990234375,2312.0,2338.0,119632,2338.0
2019-04-10,2350.0,2110.800048828125,2330.199951171875,2348.39990234375,112024,2348.39990234375
2019-04-11,2431.60009765625,2374.0,2374.0,2431.60009765625,250376,2431.60009765625
2019-04-12,2454.800048828125,2425.800048828125,2435.199951171875,2431.60009765625,119453,2431.60009765625
2019-04-15,2494.0,2443.60009765625,2483.60009765625,2453.0,255882,2453.0
2019-04-16,2513.0,2476.199951171875,2477.0,2499.800048828125,205802,2499.800048828125
2019-04-17,2518.0,2451.0,2499.0,2451.0,147924,2451.0
2019-04-18,2449.199951171875,2382.60009765625,2449.199951171875,2383.199951171875,118360,2383.199951171875
2019-04-19,2424.800048828125,2383.199951171875,2383.39990234375,2415.199951171875,48505,2415.199951171875
2019-04-22,2437.60009765625,2393.0,2417.0,2400.0,113236,2400.0
2019-04-23,2428.800048828125,2391.0,2399.800048828125,2412.800048828125,109222,2412.800048828125
2019-04-24,2424.0,2395.199951171875,2420.800048828125,2410.60009765625,78745,2410.60009765625
2019-04-25,2489.800048828125,2337.0,2415.199951171875,2407.60009765625,437305,2407.60009765625
2019-04-26,2414.60009765625,2364.199951171875,2407.60009765625,2389.0,132209,2389.0
2019-04-29,2423.0,2376.0,2387.0,2406.0,106045,2406.0
2019-04-30,2408.60009765625,2380.0,2406.0,2391.0,45363,2391.0
2019-05-02,2481.800048828125,2405.199951171875,2445.199951171875,2413.0,228451,2413.0
2019-05-03,2437.60009765625,2392.39990234375,2409.800048828125,2414.0,176077,2414.0
2019-05-06,2414.0,2351.0,2401.0,2407.0,195472,2407.0
2019-05-07,2418.0,2375.0,2400.0,2388.60009765625,89944,2388.60009765625
2019-05-08,2396.0,2356.199951171875,2396.0,2379.0,139743,2379.0
2019-05-10,2389.800048828125,2336.0,2371.0,2340.0,107231,2340.0
2019-05-13,2357.39990234375,2286.60009765625,2350.0,2286.60009765625,136260,2286.60009765625
2019-05-14,2315.0,2266.39990234375,2299.800048828125,2289.39990234375,107393,2289.39990234375
2019-05-15,2325.39990234375,2245.60009765625,2302.0,2314.800048828125,181631,2314.800048828125
2019-05-16,2401.800048828125,2325.199951171875,2330.0,2400.0,168346,2400.0
2019-05-17,2434.60009765625,2355.199951171875,2395.800048828125,2425.0,157570,2425.0
2019-05-20,2449.39990234375,2377.199951171875,2449.0,2407.800048828125,122679,2407.800048828125
2019-05-21,2414.800048828125,2378.199951171875,2398.0,2392.39990234375,129867,2392.39990234375
2019-05-22,2432.0,2380.800048828125,2400.0,2424.800048828125,137997,2424.800048828125
2019-05-23,2415.0,2361.800048828125,2411.39990234375,2365.0,111108,2365.0
2019-05-24,2392.0,2362.199951171875,2365.199951171875,2383.39990234375,90468,2383.39990234375
2019-05-27,2409.0,2392.0,2392.0,2404.60009765625,35633,2404.60009765625
2019-05-28,2409.800048828125,2240.199951171875,2396.39990234375,2280.199951171875,653401,2280.199951171875
2019-05-29,2368.0,2222.0,2300.0,2350.199951171875,482295,2350.199951171875
2019-05-30,2379.800048828125,2346.39990234375,2357.0,2379.60009765625,131449,2379.60009765625
2019-05-31,2362.199951171875,2325.60009765625,2360.0,2336.60009765625,120303,2336.60009765625
2019-06-03,2350.0,2292.39990234375,2330.199951171875,2319.0,202663,2319.0
2019-06-04,2344.0,2283.800048828125,2319.0,2341.0,253184,2341.0
2019-06-05,2364.0,2340.0,2354.800048828125,2355.39990234375,150053,2355.39990234375
2019-06-06,2394.199951171875,2355.60009765625,2366.0,2386.39990234375,123852,2386.39990234375
2019-06-07,2447.800048828125,2396.0,2402.199951171875,2418.60009765625,196867,2418.60009765625
2019-06-10,2444.800048828125,2402.60009765625,2415.0,2435.0,136487,2435.0
2019-06-11,2510.60009765625,2435.199951171875,2438.0,2494.800048828125,298617,2494.800048828125
2019-06-13,2514.39990234375,2475.199951171875,2488.39990234375,2492.0,159220,2492.0
2019-06-14,2499.39990234375,2456.0,2488.0,2465.0,103547,2465.0
2019-06-17,2478.0,2445.0,2459.800048828125,2455.800048828125,142114,2455.800048828125
2019-06-18,2498.0,2455.39990234375,2475.800048828125,2480.199951171875,93549,2480.199951171875
2019-06-19,2500.0,2470.0,2488.800048828125,2470.199951171875,83187,2470.199951171875
2019-06-20,2531.60009765625,2472.0,2490.0,2492.800048828125,430923,2492.800048828125
2019-06-21,2488.800048828125,2463.0,2488.800048828125,2468.39990234375,100197,2468.39990234375
2019-06-24,2484.800048828125,2448.0,2483.800048828125,2452.60009765625,81125,2452.60009765625
2019-06-25,2459.199951171875,2415.0,2446.800048828125,2424.60009765625,112543,2424.60009765625
2019-06-26,2432.800048828125,2382.39990234375,2399.800048828125,2391.60009765625,373854,2391.60009765625
2019-06-27,2416.199951171875,2372.0,2391.800048828125,2410.0,210511,2410.0
2019-06-28,2447.60009765625,2378.0,2435.199951171875,2405.39990234375,199955,2405.39990234375
2019-07-01,2499.0,2415.800048828125,2420.0,2482.39990234375,274397,2482.39990234375
2019-07-02,2520.0,2452.39990234375,2482.800048828125,2491.199951171875,197217,2491.199951171875
2019-07-03,2520.0,2495.39990234375,2501.199951171875,2505.39990234375,152267,2505.39990234375
2019-07-04,2499.60009765625,2480.199951171875,2499.60009765625,2494.800048828125,53001,2494.800048828125
2019-07-05,2499.800048828125,2451.0,2494.800048828125,2481.39990234375,120765,2481.39990234375
2019-07-08,2499.0,2458.0,2488.60009765625,2465.0,115601,2465.0
2019-07-09,2479.800048828125,2436.199951171875,2456.199951171875,2478.0,121874,2478.0
2019-07-10,2527.800048828125,2490.60009765625,2493.39990234375,2500.199951171875,201316,2500.199951171875
2019-07-11,2524.60009765625,2486.0,2503.60009765625,2495.0,121575,2495.0
2019-07-12,2590.0,2507.39990234375,2509.199951171875,2573.0,311453,2573.0
2019-07-15,2574.199951171875,2535.199951171875,2565.0,2546.39990234375,195675,2546.39990234375
2019-07-16,2568.199951171875,2517.199951171875,2538.199951171875,2542.60009765625,163969,2542.60009765625
2019-07-17,2560.0,2505.199951171875,2554.800048828125,2509.199951171875,123801,2509.199951171875
2019-07-18,2507.199951171875,2480.0,2499.199951171875,2489.800048828125,140177,2489.800048828125
2019-07-19,2554.0,2500.199951171875,2506.0,2518.0,169480,2518.0
2019-07-22,2495.0,2470.0,2491.0,2486.0,173900,2486.0
2019-07-23,2509.800048828125,2482.39990234375,2496.0,2482.800048828125,95831,2482.800048828125
2019-07-24,2518.0,2482.60009765625,2497.199951171875,2507.0,109932,2507.0
2019-07-25,2547.0,2432.199951171875,2520.0,2461.60009765625,524551,2461.60009765625
2019-07-26,2679.0,2420.0,2456.0,2520.0,1641208,2520.0
2019-07-29,2497.60009765625,2390.0,2436.0,2441.0,1637686,2441.0
2019-07-30,2547.0,2466.39990234375,2486.60009765625,2480.39990234375,1275155,2480.39990234375
2019-07-31,2503.199951171875,2455.199951171875,2481.39990234375,2490.0,401739,2490.0
2019-08-01,2567.199951171875,2475.60009765625,2488.60009765625,2550.60009765625,412609,2550.60009765625
2019-08-02,2514.800048828125,2450.199951171875,2489.800048828125,2470.0,447656,2470.0
2019-08-05,2449.800048828125,2357.0,2449.800048828125,2369.60009765625,538317,2369.60009765625
2019-08-06,2434.0,2374.0,2381.39990234375,2413.0,378898,2413.0
2019-08-07,2440.0,2383.0,2419.0,2428.800048828125,273785,2428.800048828125
2019-08-08,2432.0,2406.0,2417.199951171875,2413.199951171875,203905,2413.199951171875
2019-08-09,2425.0,2404.0,2425.0,2405.0,116411,2405.0
2019-08-12,2428.0,2398.199951171875,2410.0,2410.0,109632,2410.0
2019-08-13,2446.800048828125,2373.60009765625,2384.60009765625,2428.0,301867,2428.0
2019-08-14,2440.0,2365.800048828125,2440.0,2374.0,254862,2374.0
2019-08-15,2395.0,2351.0,2390.0,2365.39990234375,225714,2365.39990234375
2019-08-16,2397.0,2351.199951171875,2374.800048828125,2394.0,130462,2394.0
2019-08-19,2454.0,2402.0,2420.0,2424.0,329128,2424.0
2019-08-20,2453.199951171875,2420.199951171875,2437.60009765625,2438.39990234375,126157,2438.39990234375
2019-08-21,2443.0,2415.60009765625,2438.0,2421.199951171875,165215,2421.199951171875
2019-08-22,2417.0,2385.0,2412.0,2399.0,166178,2399.0
2019-08-23,2423.0,2386.0,2410.0,2391.0,164050,2391.0
2019-08-26,2405.0,2361.0,2379.800048828125,2394.39990234375,164378,2394.39990234375
2019-08-27,2437.0,2394.0,2394.0,2429.800048828125,158316,2429.800048828125
2019-08-28,2434.800048828125,2410.0,2431.0,2434.0,168444,2434.0
2019-08-29,2444.800048828125,2417.199951171875,2424.0,2441.0,276564,2441.0
2019-08-30,2470.0,2443.39990234375,2443.39990234375,2462.800048828125,162217,2462.800048828125
2019-09-02,2485.0,2464.800048828125,2470.0,2469.800048828125,51494,2469.800048828125
2019-09-03,2497.0,2446.199951171875,2473.60009765625,2487.0,247856,2487.0
2019-09-04,2498.0,2469.199951171875,2487.0,2487.0,134789,2487.0
2019-09-05,2515.0,2463.60009765625,2500.39990234375,2509.199951171875,231841,2509.199951171875
2019-09-06,2519.60009765625,2491.39990234375,2514.0,2503.60009765625,144718,2503.60009765625
2019-09-09,2520.0,2464.0,2507.0,2466.0,163373,2466.0
2019-09-10,2474.800048828125,2432.199951171875,2463.199951171875,2450.199951171875,213756,2450.199951171875
2019-09-11,2482.60009765625,2453.199951171875,2456.39990234375,2466.199951171875,176921,2466.199951171875
2019-09-12,2474.800048828125,2450.0,2466.199951171875,2457.0,133680,2457.0
2019-09-13,2459.0,2434.39990234375,2457.0,2453.0,122068,2453.0
2019-09-16,2449.800048828125,2430.0,2449.0,2447.60009765625,166791,2447.60009765625
2019-09-17,2459.800048828125,2435.0,2440.0,2438.39990234375,175816,2438.39990234375
2019-09-18,2452.199951171875,2430.60009765625,2439.199951171875,2432.0,297196,2432.0
2019-09-19,2426.0,2398.199951171875,2419.800048828125,2407.39990234375,352686,2407.39990234375
2019-09-20,2413.800048828125,2350.199951171875,2409.800048828125,2350.199951171875,577584,2350.199951171875
2019-09-23,2349.800048828125,2305.199951171875,2343.800048828125,2342.199951171875,442244,2342.199951171875
2019-09-24,2344.800048828125,2292.0,2305.0,2301.39990234375,437281,2301.39990234375
2019-09-25,2329.800048828125,2281.60009765625,2308.0,2322.39990234375,283444,2322.39990234375
2019-09-26,2355.0,2317.0,2332.0,2319.60009765625,255984,2319.60009765625
2019-09-27,2339.800048828125,2308.0,2323.800048828125,2315.800048828125,138508,2315.800048828125
2019-09-30,2311.800048828125,2254.0,2310.0,2263.39990234375,372912,2263.39990234375
2019-10-01,2319.800048828125,2271.39990234375,2271.39990234375,2287.0,309065,2287.0
2019-10-02,2294.800048828125,2235.0,2284.0,2250.0,254761,2250.0
2019-10-03,2283.199951171875,2207.60009765625,2234.199951171875,2265.0,345903,2265.0
2019-10-04,2288.800048828125,2256.199951171875,2280.199951171875,2274.39990234375,236916,2274.39990234375
2019-10-07,2299.800048828125,2264.800048828125,2270.0,2284.199951171875,141878,2284.199951171875
2019-10-08,2304.800048828125,2270.0,2296.60009765625,2295.199951171875,164533,2295.199951171875
2019-10-09,2323.39990234375,2303.800048828125,2305.39990234375,2312.0,156160,2312.0
2019-10-10,2330.0,2298.0,2307.39990234375,2327.0,226461,2327.0
2019-10-11,2315.0,1852.4000244140625,2314.800048828125,1898.0,5984353,1898.0
2019-10-14,2025.0,1901.0,1935.800048828125,1969.4000244140625,3590299,1969.4000244140625
2019-10-15,2005.0,1965.5999755859375,1970.199951171875,1986.5999755859375,1297444,1986.5999755859375
2019-10-16,1990.0,1943.0,1975.0,1950.5999755859375,1036721,1950.5999755859375
2019-10-17,1949.5999755859375,1903.4000244140625,1949.5999755859375,1924.0,875332,1924.0
2019-10-18,1978.800048828125,1926.0,1929.199951171875,1934.0,784016,1934.0
2019-10-21,2142.800048828125,2030.0,2043.0,2061.0,4624847,2061.0
2019-10-22,2110.0,2050.0,2093.0,2054.60009765625,1282197,2054.60009765625
2019-10-23,2069.0,2032.0,2054.60009765625,2046.5999755859375,645769,2046.5999755859375
2019-10-24,2092.0,2041.5999755859375,2049.800048828125,2090.199951171875,1160874,2090.199951171875
2019-10-25,2158.60009765625,2041.0,2100.0,2064.0,2281301,2064.0
2019-10-28,2149.199951171875,2065.0,2073.39990234375,2118.39990234375,1299592,2118.39990234375
2019-10-29,2152.800048828125,2105.800048828125,2138.800048828125,2134.39990234375,901684,2134.39990234375
2019-10-30,2164.60009765625,2134.39990234375,2142.0,2156.0,617236,2156.0
2019-10-31,2164.800048828125,2115.0,2156.0,2125.800048828125,689192,2125.800048828125
2019-11-01,2143.800048828125,2125.0,2141.800048828125,2138.0,354492,2138.0
2019-11-05,2178.0,2150.199951171875,2162.60009765625,2171.39990234375,601805,2171.39990234375
2019-11-06,2198.60009765625,2176.0,2178.0,2191.0,518024,2191.0
2019-11-07,2198.800048828125,2171.0,2185.0,2187.800048828125,413649,2187.800048828125
2019-11-08,2189.0,1962.4000244140625,2176.800048828125,2184.800048828125,594011,2184.800048828125
2019-11-11,2191.0,2161.199951171875,2184.800048828125,2179.60009765625,357052,2179.60009765625
2019-11-12,2189.0,2168.0,2183.0,2184.0,345968,2184.0
2019-11-13,2182.60009765625,2168.0,2175.0,2173.800048828125,287619,2173.800048828125
2019-11-14,2193.0,2172.0,2180.0,2186.39990234375,326460,2186.39990234375
2019-11-15,2269.800048828125,2195.199951171875,2201.60009765625,2267.0,1043115,2267.0
2019-11-18,2540.0,2350.0,2375.0,2525.199951171875,4299962,2525.199951171875
2019-11-19,2545.39990234375,2480.0,2545.199951171875,2510.0,1532269,2510.0
2019-11-20,2524.0,2453.0,2492.60009765625,2514.39990234375,679264,2514.39990234375
2019-11-21,2564.199951171875,2515.199951171875,2538.0,2549.0,757387,2549.0
2019-11-22,2569.800048828125,2535.0,2541.0,2566.199951171875,462448,2566.199951171875
2019-11-25,2629.0,2560.0,2570.39990234375,2629.0,438635,2629.0
2019-11-26,2662.0,2593.0,2624.60009765625,2635.800048828125,489145,2635.800048828125
2019-11-27,2682.0,2640.199951171875,2648.800048828125,2668.0,485951,2668.0
2019-11-28,2676.60009765625,2600.199951171875,2669.0,2624.60009765625,525756,2624.60009765625
2019-11-29,2696.800048828125,2606.39990234375,2624.60009765625,2693.0,626398,2693.0
2019-12-02,2728.800048828125,2613.60009765625,2695.0,2620.60009765625,975004,2620.60009765625
2019-12-03,2654.800048828125,2582.39990234375,2631.199951171875,2599.0,578816,2599.0
2019-12-04,2642.0,2592.60009765625,2601.0,2607.39990234375,318633,2607.39990234375
2019-12-05,2603.800048828125,2555.60009765625,2603.800048828125,2568.39990234375,361210,2568.39990234375
2019-12-06,2595.800048828125,2541.60009765625,2568.60009765625,2570.39990234375,279789,2570.39990234375
2019-12-09,2608.800048828125,2560.199951171875,2575.0,2584.0,271020,2584.0
2019-12-10,2593.39990234375,2536.0,2578.800048828125,2588.0,269996,2588.0
2019-12-11,2598.0,2571.39990234375,2577.0,2595.0,209314,2595.0
2019-12-12,2649.800048828125,2600.0,2610.800048828125,2628.0,294220,2628.0
2019-12-13,2663.0,2605.199951171875,2636.0,2662.800048828125,357034,2662.800048828125
2019-12-16,2718.800048828125,2675.39990234375,2700.199951171875,2690.0,569932,2690.0
2019-12-17,2693.60009765625,2644.199951171875,2676.0,2660.0,291791,2660.0
2019-12-18,2654.800048828125,2612.0,2634.39990234375,2625.0,352397,2625.0
2019-12-19,2659.0,2615.0,2617.199951171875,2623.199951171875,514688,2623.199951171875
2019-12-20,2693.800048828125,2650.199951171875,2653.0,2680.0,486342,2680.0
2019-12-23,2707.60009765625,2675.199951171875,2680.39990234375,2699.800048828125,281956,2699.800048828125
2019-12-24,2711.800048828125,2676.199951171875,2704.60009765625,2688.0,158499,2688.0
2019-12-25,2693.0,2672.0,2688.0,2687.0,57922,2687.0
2019-12-26,2718.60009765625,2678.0,2689.0,2713.0,176612,2713.0
2019-12-27,2750.0,2710.0,2713.39990234375,2736.0,289417,2736.0
2019-12-30,2740.0,2665.0,2736.0,2697.0,248830,2697.0
2020-01-03,2718.0,2677.39990234375,2712.800048828125,2685.0,263538,2685.0
2020-01-06,2679.60009765625,2657.0,2670.60009765625,2672.0,226724,2672.0
2020-01-08,2707.0,2636.199951171875,2663.800048828125,2677.0,252559,2677.0
2020-01-09,2737.199951171875,2682.60009765625,2682.60009765625,2728.39990234375,306801,2728.39990234375
2020-01-10,2760.0,2700.199951171875,2728.39990234375,2725.0,308204,2725.0
2020-01-13,2729.800048828125,2692.0,2715.0,2703.39990234375,331165,2703.39990234375
2020-01-14,2750.0,2683.800048828125,2719.0,2685.0,468539,2685.0
2020-01-15,2708.39990234375,2660.0,2677.0,2690.0,416206,2690.0
2020-01-16,2869.199951171875,2673.199951171875,2678.800048828125,2719.800048828125,1471244,2719.800048828125
2020-01-17,2776.800048828125,2726.199951171875,2730.0,2772.800048828125,669449,2772.800048828125
2020-01-20,2827.0,2777.0,2791.0,2800.0,339883,2800.0
2020-01-21,2800.0,2762.60009765625,2800.0,2770.0,350935,2770.0
2020-01-22,2800.0,2673.199951171875,2800.0,2790.0,757936,2790.0
2020-01-23,2826.60009765625,2740.0,2790.800048828125,2820.199951171875,482678,2820.199951171875
2020-01-24,2818.0,2775.800048828125,2798.0,2798.0,367327,2798.0
2020-01-27,2802.0,2735.199951171875,2780.199951171875,2780.0,482636,2780.0
2020-01-28,2813.800048828125,2765.60009765625,2784.60009765625,2799.800048828125,359683,2799.800048828125
2020-01-29,2890.0,2812.39990234375,2812.39990234375,2890.0,683094,2890.0
2020-01-30,2905.0,2852.39990234375,2881.39990234375,2888.0,344250,2888.0
2020-01-31,2913.0,2865.39990234375,2910.0,2873.39990234375,297476,2873.39990234375
2020-02-03,2899.60009765625,2843.199951171875,2856.800048828125,2880.60009765625,271869,2880.60009765625
2020-02-04,2994.800048828125,2907.0,2912.39990234375,2990.0,471235,2990.0
2020-02-05,3081.0,2992.39990234375,3018.199951171875,3008.199951171875,696199,3008.199951171875
2020-02-06,3076.0,3003.39990234375,3029.39990234375,3048.199951171875,390042,3048.199951171875
2020-02-07,3140.0,3022.39990234375,3058.60009765625,3103.800048828125,482075,3103.800048828125
2020-02-10,3143.0,3065.0,3103.800048828125,3087.199951171875,426521,3087.199951171875
2020-02-11,3131.199951171875,3066.199951171875,3095.0,3085.0,340417,3085.0
2020-02-12,3084.60009765625,3033.0,3084.60009765625,3037.199951171875,551284,3037.199951171875
2020-02-13,3097.0,3035.199951171875,3067.0,3087.39990234375,516501,3087.39990234375
2020-02-14,3127.60009765625,2950.800048828125,3120.0,3011.0,1996834,3011.0
2020-02-17,2989.800048828125,2935.39990234375,2980.0,2983.60009765625,498766,2983.60009765625
2020-02-18,2993.0,2917.199951171875,2993.0,2937.0,591328,2937.0
2020-02-19,2991.199951171875,2912.60009765625,2918.60009765625,2953.0,730102,2953.0
2020-02-20,2996.39990234375,2941.39990234375,2942.800048828125,2988.39990234375,739275,2988.39990234375
2020-02-21,2996.0,2910.60009765625,2970.199951171875,2911.800048828125,646752,2911.800048828125
2020-02-25,2869.800048828125,2672.60009765625,2800.0,2681.800048828125,2316726,2681.800048828125
2020-02-26,2704.800048828125,2538.39990234375,2661.60009765625,2690.800048828125,2321091,2690.800048828125
2020-02-27,2744.39990234375,2620.39990234375,2666.0,2678.199951171875,1666401,2678.199951171875
2020-02-28,2686.0,2540.199951171875,2622.0,2659.800048828125,1467113,2659.800048828125
2020-03-02,2762.800048828125,2615.199951171875,2749.800048828125,2721.39990234375,1292874,2721.39990234375
2020-03-03,2784.800048828125,2701.39990234375,2745.0,2723.0,972855,2723.0
2020-03-04,2708.800048828125,2632.60009765625,2680.0,2654.199951171875,698834,2654.199951171875
2020-03-05,2755.0,2643.199951171875,2755.0,2728.199951171875,911088,2728.199951171875
2020-03-06,2711.800048828125,2556.0,2700.800048828125,2685.0,1007226,2685.0
2020-03-10,2757.800048828125,2500.0,2509.199951171875,2590.0,1513950,2590.0
2020-03-11,2640.0,2520.0,2616.800048828125,2615.0,913216,2615.0
2020-03-12,2560.0,2350.0,2559.800048828125,2460.0,1547961,2460.0
2020-03-13,2460.0,2460.0,2460.0,2460.0,0,2460.0
2020-03-16,2460.0,2460.0,2460.0,2460.0,0,2460.0
2020-03-17,2438.800048828125,2257.0,2312.800048828125,2425.0,1079881,2425.0
2020-03-18,2400.0,2251.0,2357.0,2318.800048828125,1289880,2318.800048828125
2020-03-19,2464.39990234375,2273.199951171875,2346.800048828125,2434.0,1510071,2434.0
2020-03-20,2593.39990234375,2414.0,2482.60009765625,2455.199951171875,1336561,2455.199951171875
2020-03-23,2494.39990234375,2295.0,2368.60009765625,2299.800048828125,1234866,2299.800048828125
2020-03-24,2489.0,2363.0,2363.0,2459.0,1075475,2459.0
2020-03-25,2595.0,2480.199951171875,2550.0,2555.800048828125,1346952,2555.800048828125
2020-03-26,2640.0,2505.0,2584.0,2610.0,1170937,2610.0
2020-03-27,2668.0,2552.60009765625,2650.0,2597.0,800030,2597.0
2020-03-30,2678.800048828125,2577.0,2577.199951171875,2670.199951171875,660170,2670.199951171875
2020-03-31,2749.39990234375,2647.0,2700.0,2714.39990234375,815976,2714.39990234375
2020-04-01,2679.60009765625,2591.0,2652.0,2605.800048828125,763626,2605.800048828125
2020-04-02,2650.0,2493.800048828125,2621.0,2550.800048828125,1105528,2550.800048828125
2020-04-03,2584.0,2514.39990234375,2540.199951171875,2520.0,917226,2520.0
2020-04-06,2609.0,2536.199951171875,2566.39990234375,2582.0,788118,2582.0
2020-04-07,2695.0,2602.199951171875,2609.0,2668.0,912075,2668.0
2020-04-08,2742.60009765625,2600.199951171875,2622.0,2742.60009765625,758477,2742.60009765625
2020-04-09,2755.800048828125,2661.199951171875,2724.800048828125,2697.199951171875,1047151,2697.199951171875
2020-04-10,2705.60009765625,2671.60009765625,2705.60009765625,2701.0,263041,2701.0
2020-04-13,2688.0,2623.199951171875,2659.60009765625,2659.0,350747,2659.0
2020-04-14,2782.39990234375,2687.60009765625,2698.800048828125,2755.60009765625,910209,2755.60009765625
2020-04-15,2719.800048828125,2584.39990234375,2718.60009765625,2588.199951171875,777641,2588.199951171875
2020-04-16,2680.0,2570.199951171875,2603.0,2637.800048828125,709630,2637.800048828125
2020-04-17,2668.800048828125,2620.199951171875,2659.60009765625,2630.39990234375,462419,2630.39990234375
2020-04-20,2746.0,2642.0,2670.0,2736.39990234375,867166,2736.39990234375
2020-04-21,2695.39990234375,2601.0,2681.60009765625,2659.199951171875,1020412,2659.199951171875
2020-04-22,2706.800048828125,2631.199951171875,2643.0,2655.0,786098,2655.0
2020-04-23,2677.0,2621.39990234375,2666.0,2640.60009765625,506952,2640.60009765625
2020-04-24,2655.0,2606.60009765625,2634.39990234375,2621.0,404824,2621.0
2020-04-27,2715.0,2647.0,2651.60009765625,2715.0,793139,2715.0
2020-04-28,2856.800048828125,2716.39990234375,2730.199951171875,2754.800048828125,1304030,2754.800048828125
2020-04-29,2874.0,2775.39990234375,2807.0,2870.0,779540,2870.0
2020-04-30,2924.0,2812.199951171875,2898.0,2850.800048828125,746737,2850.800048828125
2020-05-04,2848.800048828125,2777.0,2809.800048828125,2828.800048828125,415030,2828.800048828125
2020-05-05,2876.800048828125,2831.0,2849.0,2842.199951171875,353462,2842.199951171875
2020-05-06,2883.199951171875,2830.199951171875,2849.199951171875,2864.0,376937,2864.0
2020-05-07,2918.800048828125,2858.0,2869.0,2910.199951171875,430103,2910.199951171875
2020-05-08,2992.0,2933.0,2979.199951171875,2975.199951171875,473580,2975.199951171875
2020-05-12,2979.800048828125,2927.0,2968.199951171875,2977.0,278997,2977.0
2020-05-13,2959.0,2890.60009765625,2959.0,2893.39990234375,511932,2893.39990234375
2020-05-14,2883.0,2785.800048828125,2875.0,2821.800048828125,559421,2821.800048828125
2020-05-15,2894.0,2795.800048828125,2856.800048828125,2839.60009765625,519556,2839.60009765625
2020-05-18,2947.0,2870.39990234375,2885.39990234375,2945.0,481638,2945.0
2020-05-19,2980.0,2923.60009765625,2975.199951171875,2970.0,341141,2970.0
2020-05-20,3000.0,2941.0,2956.800048828125,2964.60009765625,511103,2964.60009765625
2020-05-21,2960.0,2895.0,2942.0,2910.800048828125,505101,2910.800048828125
2020-05-22,2938.800048828125,2880.60009765625,2887.60009765625,2905.0,337096,2905.0
2020-05-25,2962.0,2908.199951171875,2914.199951171875,2960.60009765625,259047,2960.60009765625
2020-05-26,2992.800048828125,2911.39990234375,2968.199951171875,2913.199951171875,554429,2913.199951171875
2020-05-27,2942.800048828125,2817.199951171875,2905.800048828125,2826.0,688788,2826.0
2020-05-28,2916.800048828125,2860.39990234375,2876.800048828125,2888.0,623729,2888.0
2020-05-29,2884.0,2811.60009765625,2865.0,2833.199951171875,530841,2833.199951171875
2020-06-01,2869.800048828125,2814.39990234375,2849.60009765625,2846.0,636311,2846.0
2020-06-02,2875.0,2821.199951171875,2845.0,2837.800048828125,698675,2837.800048828125
2020-06-03,2879.60009765625,2835.0,2837.199951171875,2867.60009765625,667384,2867.60009765625
2020-06-04,2882.0,2837.0,2856.0,2861.60009765625,458688,2861.60009765625
2020-06-05,2911.800048828125,2850.0,2871.0,2884.0,425169,2884.0
2020-06-08,2917.800048828125,2866.0,2896.60009765625,2873.199951171875,364303,2873.199951171875
2020-06-09,2905.0,2855.0,2897.0,2902.0,336682,2902.0
2020-06-10,2919.39990234375,2867.0,2896.199951171875,2885.0,352196,2885.0
2020-06-11,2879.800048828125,2817.60009765625,2873.0,2850.0,477778,2850.0
2020-06-15,2975.0,2821.0,2836.0,2967.39990234375,799898,2967.39990234375
2020-06-16,3062.0,2967.39990234375,2984.199951171875,3009.0,918984,3009.0
2020-06-17,3074.0,3016.39990234375,3024.800048828125,3068.199951171875,606922,3068.199951171875
2020-06-18,3115.0,3021.199951171875,3058.60009765625,3108.0,741444,3108.0
2020-06-19,3176.199951171875,3107.0,3108.0,3155.0,700753,3155.0
2020-06-22,3270.800048828125,3115.0,3170.199951171875,3250.39990234375,721050,3250.39990234375
2020-06-23,3444.800048828125,3240.39990234375,3240.39990234375,3364.800048828125,1573342,3364.800048828125
2020-06-25,3500.0,3383.0,3432.199951171875,3477.0,1188617,3477.0
2020-06-26,3519.39990234375,3417.0,3476.199951171875,3458.800048828125,611209,3458.800048828125
